address,currentLabel,roles,evidenceLevel,bestChatCandidateLabel,sourceType,confidence,chat,messageId,messageTime,author,authorUsername,authorUserId,contextKind,sourceUrl,allCandidateCount,excerpt,caveat
gonka10070xwkwv00sulsa7gdfwkgh8w069stkjjf39x,gonka10070xwkwv00sulsa7gdfwkgh8w069stkjjf39x,recipient,no_chat_signal,,no_chat_signal,,,,,,,,,,0,,No relevant local Discord signal found.
gonka10075dz43h94zhqu5hwdj3nyjay6v8mzwvpxr0s,gonka10075dz43h94zhqu5hwdj3nyjay6v8mzwvpxr0s,recipient,no_chat_signal,,no_chat_signal,,,,,,,,,,0,,No relevant local Discord signal found.
gonka10079cnl3nuh2k82mhkm04dj0slhtw9kmjewwau,gonka10079cnl3nuh2k82mhkm04dj0slhtw9kmjewwau,recipient,no_chat_signal,,no_chat_signal,,,,,,,,,,0,,No relevant local Discord signal found.
gonka1007dchuqgdnute4qam70kmn56j2vfw38mhyrqv,gonka1007dchuqgdnute4qam70kmn56j2vfw38mhyrqv,recipient voter,no_chat_signal,,no_chat_signal,,,,,,,,,,0,,No relevant local Discord signal found.
gonka1007g0ut3u4wjkay9hegqfev4pj90qgexwskmcw,gonka1007g0ut3u4wjkay9hegqfev4pj90qgexwskmcw,recipient,no_chat_signal,,no_chat_signal,,,,,,,,,,0,,No relevant local Discord signal found.
gonka1007lnkyhdh7aq0vjdcdwcerkdh4yy85rymjdg6,gonka1007lnkyhdh7aq0vjdcdwcerkdh4yy85rymjdg6,recipient,no_chat_signal,,no_chat_signal,,,,,,,,,,0,,No relevant local Discord signal found.
gonka1007n977a7uda3pd9m6hftw8xcql0tc20m96myu,gonka1007n977a7uda3pd9m6hftw8xcql0tc20m96myu,recipient,no_chat_signal,,no_chat_signal,,,,,,,,,,0,,No relevant local Discord signal found.
gonka10mmdjau4dnj8krs7sh7t7635ttnmq9u3vqgz09,"ancapex | Mine from $1, no losses from node failures · gonka10mmdjau4dnj8krs7sh7t7635ttnmq9u3vqgz09",recipient voter,public_owner_proof,,no_chat_signal,,,,,,,,,,0,,No relevant local Discord signal found.
gonka125n6kr5gvdup0lndfkps7t6rd6592panhrg3np,gonka125n6kr5gvdup0lndfkps7t6rd6592panhrg3np,recipient,no_chat_signal,,no_chat_signal,,,,,,,,,,0,,No relevant local Discord signal found.
gonka12pcu9mcrpa4w4sjd9y3dsksnvu495ss6f9r4ra,Formula x AI · gonka12pcu9mcrpa4w4sjd9y3dsksnvu495ss6f9r4ra,recipient,public_owner_proof,,discord_context_only,medium,COMMUNITY HUB - ｜general-chat｜,1502054722692059286,,Galaxy,galaxy098,906650667727323136,same_message,history/export-gonka-full/Gonka - COMMUNITY HUB - ｜general-chat｜ [1336477374946082928].html#chatlog__message-container-1502054722692059286,1,gonka12pcu9mcrpa4w4sjd9y3dsksnvu495ss6f9r4ra gonka12tfc6ccmadjqv6yaa3axxsuhy6zv6tupu78p8u gonka14ljarev2nlzu4ej50vx7ylj2rvg4n20fnq2ysc gonka14tqh62mangwzrma2lgg2dm375rcjzn2ydy8ttm gonka15munkmx6x7k6rqqeexjet4556p7at39ks9qgr5 gonka18xeqnspxpg2vncufnjne485rkaagwvz7whyn0d gonka19ghzvgfr065s3fr5awuvs3nhy9fq4n7wrr9kel gonka1amlmhjym02shahjv8ldmupg4cx0qc66q6f85rj gonka1ccdm8j6sjyhq4qask049dwgaczs7f3pxte6zmp gonka1d7ghexkrnm00fh695zcd00xgfgwxe2vvamcsdt gonka1f0u3y2wneer8zhz3ypw4x54h38cpa0qsy8ts3e gonka1fc9tzt83dgrqswlgay4668cuqjrk7zsqks2vm2 gonka1fvly5jrewyjmjfgwah3khy9rttq4cqajcesv9p gonka1hwvel7n3zuk6wruefuzc356l9myske9stckwnz gonka1lr9mj6dgkv0h76c8y8w0l3esztyg9v2q8d6d8d gonka1myu058axjs62mc3e7n...,Local Discord chat signal; not public owner proof without independent corroboration.
gonka13a4v8gxxjav5t4xq5y9cv9d8rfnvkjfw5adqz3,gonka13a4v8gxxjav5t4xq5y9cv9d8rfnvkjfw5adqz3,recipient,no_chat_signal,,no_chat_signal,,,,,,,,,,0,,No relevant local Discord signal found.
gonka14ef2pxjge75gflqftn7m2wy0xv59gq9uc7qnct,gonka14ef2pxjge75gflqftn7m2wy0xv59gq9uc7qnct,recipient,no_chat_signal,,no_chat_signal,,,,,,,,,,0,,No relevant local Discord signal found.
gonka14g78ez2zy08k8sssue483zmfpgd4qut8zcwlqc,gonka14g78ez2zy08k8sssue483zmfpgd4qut8zcwlqc,recipient,no_chat_signal,,no_chat_signal,,,,,,,,,,0,,No relevant local Discord signal found.
gonka14ljarev2nlzu4ej50vx7ylj2rvg4n20fnq2ysc,gonka14ljarev2nlzu4ej50vx7ylj2rvg4n20fnq2ysc,recipient,weak_context,,discord_context_only,medium,COMMUNITY HUB - ｜general-chat｜,1502054722692059286,,Galaxy,galaxy098,906650667727323136,same_message,history/export-gonka-full/Gonka - COMMUNITY HUB - ｜general-chat｜ [1336477374946082928].html#chatlog__message-container-1502054722692059286,1,gonka12pcu9mcrpa4w4sjd9y3dsksnvu495ss6f9r4ra gonka12tfc6ccmadjqv6yaa3axxsuhy6zv6tupu78p8u gonka14ljarev2nlzu4ej50vx7ylj2rvg4n20fnq2ysc gonka14tqh62mangwzrma2lgg2dm375rcjzn2ydy8ttm gonka15munkmx6x7k6rqqeexjet4556p7at39ks9qgr5 gonka18xeqnspxpg2vncufnjne485rkaagwvz7whyn0d gonka19ghzvgfr065s3fr5awuvs3nhy9fq4n7wrr9kel gonka1amlmhjym02shahjv8ldmupg4cx0qc66q6f85rj gonka1ccdm8j6sjyhq4qask049dwgaczs7f3pxte6zmp gonka1d7ghexkrnm00fh695zcd00xgfgwxe2vvamcsdt gonka1f0u3y2wneer8zhz3ypw4x54h38cpa0qsy8ts3e gonka1fc9tzt83dgrqswlgay4668cuqjrk7zsqks2vm2 gonka1fvly5jrewyjmjfgwah3khy9rttq4cqajcesv9p gonka1hwvel7n3zuk6wruefuzc356l9myske9stckwnz gonka1lr9mj6dgkv0h76c8y8w0l3esztyg9v2q8d6d8d gonka1myu058axjs62mc3e7n...,Local Discord chat signal; not public owner proof without independent corroboration.
gonka15munkmx6x7k6rqqeexjet4556p7at39ks9qgr5,A? · gonka15munkmx6x7k6rqqeexjet4556p7at39ks9qgr5,recipient,weak_context,,discord_context_only,medium,COMMUNITY HUB - ｜general-chat｜,1502054722692059286,,Galaxy,galaxy098,906650667727323136,same_message,history/export-gonka-full/Gonka - COMMUNITY HUB - ｜general-chat｜ [1336477374946082928].html#chatlog__message-container-1502054722692059286,1,gonka12pcu9mcrpa4w4sjd9y3dsksnvu495ss6f9r4ra gonka12tfc6ccmadjqv6yaa3axxsuhy6zv6tupu78p8u gonka14ljarev2nlzu4ej50vx7ylj2rvg4n20fnq2ysc gonka14tqh62mangwzrma2lgg2dm375rcjzn2ydy8ttm gonka15munkmx6x7k6rqqeexjet4556p7at39ks9qgr5 gonka18xeqnspxpg2vncufnjne485rkaagwvz7whyn0d gonka19ghzvgfr065s3fr5awuvs3nhy9fq4n7wrr9kel gonka1amlmhjym02shahjv8ldmupg4cx0qc66q6f85rj gonka1ccdm8j6sjyhq4qask049dwgaczs7f3pxte6zmp gonka1d7ghexkrnm00fh695zcd00xgfgwxe2vvamcsdt gonka1f0u3y2wneer8zhz3ypw4x54h38cpa0qsy8ts3e gonka1fc9tzt83dgrqswlgay4668cuqjrk7zsqks2vm2 gonka1fvly5jrewyjmjfgwah3khy9rttq4cqajcesv9p gonka1hwvel7n3zuk6wruefuzc356l9myske9stckwnz gonka1lr9mj6dgkv0h76c8y8w0l3esztyg9v2q8d6d8d gonka1myu058axjs62mc3e7n...,Local Discord chat signal; not public owner proof without independent corroboration.
gonka15p7s7w2hx0y8095lddd4ummm2y0kwpwljk00aq,Tania C.? · gonka15p7s7w2hx0y8095lddd4ummm2y0kwpwljk00aq,recipient,weak_context,,discord_context_only,medium,COMMUNITY HUB - ｜中文频道｜,1453465874592698388,"среда, 24 декабря 2025 г. 22:14",Tania C.,tatianacharchian_07833,1300896199808778241,same_message,history/export-gonka-full/Gonka - COMMUNITY HUB - ｜中文频道｜ [1426526238461399131].html#chatlog__message-container-1453465874592698388,3,"以下内容由 AI 辅助翻译： ⸻ 你好！有部分节点提交了 nonces，但这些提交的值是无效的。 在最近一次升级过程中，链上已将 r_target 从 1.401 更新为 1.398。 当前的 r_target 值可以通过以下方式查看： curl ""http://node1.gonka.ai:8000/chain-api/productscience/inference/inference/params"" | jq '.params.poc_params.model_params.r_target' 根据观察到的 nonces，有少数节点似乎仍在使用旧的 r_target 值运行。这可能表明 API 容器仍在使用过期的二进制文件。 请检查下面的列表。如果你的节点在其中，可能属于该情况，需要进行检查： gonka14cfcjj5djk4k38zghtmxktqutu00yc7uh6wvg3 gonka15p7s7w2hx0y8095lddd4ummm2y0kwpwljk00aq gonka18v2az8fn2z28ykxu7zyc09crqdmjuldmnag0g2 gonka1ag5r7em9qp7dn8nf6jecudhu38amu3nwtqv3cg gonka1d7p03cu2y2yt3vytq9wlfm6tlz0lfhlgv9h82p gonka1dlxg62pg5dlsyv3g69qs6ej48alduhamn0xy8u gonka1fh9xegf6j93yxx58d2dff78kj7e3szwn6cekqa gonka1kyzgfzt8ysjjwq9c8sznzng...",Local Discord chat signal; not public owner proof without independent corroboration.
gonka168rtjfkszuhcggg4dfyse4yh7xn9zwfglnkns2,gonka168rtjfkszuhcggg4dfyse4yh7xn9zwfglnkns2,recipient voter,no_chat_signal,,no_chat_signal,,,,,,,,,,0,,No relevant local Discord signal found.
gonka16r08lhm50zwjddmslfw2344z67r70vqul0dus6,gonka16r08lhm50zwjddmslfw2344z67r70vqul0dus6,voter,no_chat_signal,,no_chat_signal,,,,,,,,,,0,,No relevant local Discord signal found.
gonka17pw6099q758qwzewtrqmqpf5c2lrhr97fwqexu,gonka17pw6099q758qwzewtrqmqpf5c2lrhr97fwqexu,recipient,no_chat_signal,,no_chat_signal,,,,,,,,,,0,,No relevant local Discord signal found.
gonka1830lqug50lse998x2lakk4pj5ypfumz5pasz0y,gonka1830lqug50lse998x2lakk4pj5ypfumz5pasz0y,recipient,no_chat_signal,,no_chat_signal,,,,,,,,,,0,,No relevant local Discord signal found.
gonka18xeqnspxpg2vncufnjne485rkaagwvz7whyn0d,gonka18xeqnspxpg2vncufnjne485rkaagwvz7whyn0d,recipient,weak_context,,discord_context_only,medium,COMMUNITY HUB - ｜general-chat｜,1502054722692059286,,Galaxy,galaxy098,906650667727323136,same_message,history/export-gonka-full/Gonka - COMMUNITY HUB - ｜general-chat｜ [1336477374946082928].html#chatlog__message-container-1502054722692059286,1,gonka12pcu9mcrpa4w4sjd9y3dsksnvu495ss6f9r4ra gonka12tfc6ccmadjqv6yaa3axxsuhy6zv6tupu78p8u gonka14ljarev2nlzu4ej50vx7ylj2rvg4n20fnq2ysc gonka14tqh62mangwzrma2lgg2dm375rcjzn2ydy8ttm gonka15munkmx6x7k6rqqeexjet4556p7at39ks9qgr5 gonka18xeqnspxpg2vncufnjne485rkaagwvz7whyn0d gonka19ghzvgfr065s3fr5awuvs3nhy9fq4n7wrr9kel gonka1amlmhjym02shahjv8ldmupg4cx0qc66q6f85rj gonka1ccdm8j6sjyhq4qask049dwgaczs7f3pxte6zmp gonka1d7ghexkrnm00fh695zcd00xgfgwxe2vvamcsdt gonka1f0u3y2wneer8zhz3ypw4x54h38cpa0qsy8ts3e gonka1fc9tzt83dgrqswlgay4668cuqjrk7zsqks2vm2 gonka1fvly5jrewyjmjfgwah3khy9rttq4cqajcesv9p gonka1hwvel7n3zuk6wruefuzc356l9myske9stckwnz gonka1lr9mj6dgkv0h76c8y8w0l3esztyg9v2q8d6d8d gonka1myu058axjs62mc3e7n...,Local Discord chat signal; not public owner proof without independent corroboration.
gonka19cjm4c5mt3j3qdr8vhytmm4hef3pnkvkm0x7m2,gonka19cjm4c5mt3j3qdr8vhytmm4hef3pnkvkm0x7m2,recipient,weak_context,,discord_context_only,medium,HOSTS - ｜host-support｜,1456452808709636288,,Mr_M,devops_ai,813455026029854760,same_message,history/export-gonka-full/Gonka - HOSTS - ｜host-support｜ [1408382697537011814].html#chatlog__message-container-1456452808709636288,1,gonka10008pmwrke48xh42dhe0ul0mm0mhhvz6ta9srs gonka138dpk7h8d3u8324x9yzcx20x05wlas6h0ette3 gonka14ayaxyz859v9vdjvv6e5h06hvnzhxtn6kwj59y gonka14nyfdumjvclvd5y0q8yckfa09ncatcrfhnnx87 gonka14sk8te3wu4zh9dal9yd9tm3pd2qerdru4aqm05 gonka16sthutkxgr88vlkgvqak2h7pdt76fcznfz6w43 gonka16tlht0m9aanxklqddt3xlwwxr5axw9yydg52wu gonka16tru27h865g77cfhsyfpepcjlqlgavl4dc0a0t gonka18n9rq8q9gq0guvrm2mzk7hd2hvtf6cf6k6ul44 gonka1948n747ayualpznexxchnx95pdnpu25mph804e gonka19cjm4c5mt3j3qdr8vhytmm4hef3pnkvkm0x7m2 gonka1ckfusrye6rxlrlmgpm3rkcavz23z7z2ey37wvz gonka1e2wq9deve5zk6znff34c0x9xdklt0qs6u43x4x gonka1eqjy6gy8vapf3xtukyrcva0cn952m07sntnlzv gonka1ey9dfu98ngcjpg3lkmwc69xdsp2d9eaknyyl28 gonka1g47mkj7zc92jx6sg52...,Local Discord chat signal; not public owner proof without independent corroboration.
gonka1c6fwzedfsmpu4jnjekv4cn7mvr7x7fuqd6uqt9,gonka1c6fwzedfsmpu4jnjekv4cn7mvr7x7fuqd6uqt9,recipient,no_chat_signal,,no_chat_signal,,,,,,,,,,0,,No relevant local Discord signal found.
gonka1ce02jjduga8jvwj8jx39mxn0jr345vgkx7lk2n,gonka1ce02jjduga8jvwj8jx39mxn0jr345vgkx7lk2n,recipient,no_chat_signal,,no_chat_signal,,,,,,,,,,0,,No relevant local Discord signal found.
gonka1cuwejs77gectp3n32wg8q27hlsa4m3hqspf4ww,gonka1cuwejs77gectp3n32wg8q27hlsa4m3hqspf4ww,recipient voter,no_chat_signal,,no_chat_signal,,,,,,,,,,0,,No relevant local Discord signal found.
gonka1d694r00czmq75txghwjcuk07lxvc8d4ekgsha0,gonka1d694r00czmq75txghwjcuk07lxvc8d4ekgsha0,voter,no_chat_signal,,no_chat_signal,,,,,,,,,,0,,No relevant local Discord signal found.
gonka1f0u3y2wneer8zhz3ypw4x54h38cpa0qsy8ts3e,Tania C.? · gonka1f0u3y2wneer8zhz3ypw4x54h38cpa0qsy8ts3e,recipient,weak_context,,discord_context_only,medium,COMMUNITY HUB - ｜general-chat｜,1502054722692059286,,Galaxy,galaxy098,906650667727323136,same_message,history/export-gonka-full/Gonka - COMMUNITY HUB - ｜general-chat｜ [1336477374946082928].html#chatlog__message-container-1502054722692059286,2,gonka12pcu9mcrpa4w4sjd9y3dsksnvu495ss6f9r4ra gonka12tfc6ccmadjqv6yaa3axxsuhy6zv6tupu78p8u gonka14ljarev2nlzu4ej50vx7ylj2rvg4n20fnq2ysc gonka14tqh62mangwzrma2lgg2dm375rcjzn2ydy8ttm gonka15munkmx6x7k6rqqeexjet4556p7at39ks9qgr5 gonka18xeqnspxpg2vncufnjne485rkaagwvz7whyn0d gonka19ghzvgfr065s3fr5awuvs3nhy9fq4n7wrr9kel gonka1amlmhjym02shahjv8ldmupg4cx0qc66q6f85rj gonka1ccdm8j6sjyhq4qask049dwgaczs7f3pxte6zmp gonka1d7ghexkrnm00fh695zcd00xgfgwxe2vvamcsdt gonka1f0u3y2wneer8zhz3ypw4x54h38cpa0qsy8ts3e gonka1fc9tzt83dgrqswlgay4668cuqjrk7zsqks2vm2 gonka1fvly5jrewyjmjfgwah3khy9rttq4cqajcesv9p gonka1hwvel7n3zuk6wruefuzc356l9myske9stckwnz gonka1lr9mj6dgkv0h76c8y8w0l3esztyg9v2q8d6d8d gonka1myu058axjs62mc3e7n...,Local Discord chat signal; not public owner proof without independent corroboration.
gonka1fvly5jrewyjmjfgwah3khy9rttq4cqajcesv9p,gonka1fvly5jrewyjmjfgwah3khy9rttq4cqajcesv9p,recipient voter,weak_context,,discord_context_only,medium,COMMUNITY HUB - ｜general-chat｜,1502054722692059286,,Galaxy,galaxy098,906650667727323136,same_message,history/export-gonka-full/Gonka - COMMUNITY HUB - ｜general-chat｜ [1336477374946082928].html#chatlog__message-container-1502054722692059286,1,gonka12pcu9mcrpa4w4sjd9y3dsksnvu495ss6f9r4ra gonka12tfc6ccmadjqv6yaa3axxsuhy6zv6tupu78p8u gonka14ljarev2nlzu4ej50vx7ylj2rvg4n20fnq2ysc gonka14tqh62mangwzrma2lgg2dm375rcjzn2ydy8ttm gonka15munkmx6x7k6rqqeexjet4556p7at39ks9qgr5 gonka18xeqnspxpg2vncufnjne485rkaagwvz7whyn0d gonka19ghzvgfr065s3fr5awuvs3nhy9fq4n7wrr9kel gonka1amlmhjym02shahjv8ldmupg4cx0qc66q6f85rj gonka1ccdm8j6sjyhq4qask049dwgaczs7f3pxte6zmp gonka1d7ghexkrnm00fh695zcd00xgfgwxe2vvamcsdt gonka1f0u3y2wneer8zhz3ypw4x54h38cpa0qsy8ts3e gonka1fc9tzt83dgrqswlgay4668cuqjrk7zsqks2vm2 gonka1fvly5jrewyjmjfgwah3khy9rttq4cqajcesv9p gonka1hwvel7n3zuk6wruefuzc356l9myske9stckwnz gonka1lr9mj6dgkv0h76c8y8w0l3esztyg9v2q8d6d8d gonka1myu058axjs62mc3e7n...,Local Discord chat signal; not public owner proof without independent corroboration.
gonka1gvrrhjmy4w4mayvs2s5l23edj8ertcmtd2v4zr,gonka1gvrrhjmy4w4mayvs2s5l23edj8ertcmtd2v4zr,recipient voter,no_chat_signal,,no_chat_signal,,,,,,,,,,0,,No relevant local Discord signal found.
gonka1gyk0aahvr3qeju4zx0nplfreej6cy4jjk8svc5,gonka1gyk0aahvr3qeju4zx0nplfreej6cy4jjk8svc5,recipient voter,no_chat_signal,,no_chat_signal,,,,,,,,,,0,,No relevant local Discord signal found.
gonka1hwvel7n3zuk6wruefuzc356l9myske9stckwnz,gonka1hwvel7n3zuk6wruefuzc356l9myske9stckwnz,recipient voter,weak_context,,discord_context_only,medium,COMMUNITY HUB - ｜general-chat｜,1502054722692059286,,Galaxy,galaxy098,906650667727323136,same_message,history/export-gonka-full/Gonka - COMMUNITY HUB - ｜general-chat｜ [1336477374946082928].html#chatlog__message-container-1502054722692059286,1,gonka12pcu9mcrpa4w4sjd9y3dsksnvu495ss6f9r4ra gonka12tfc6ccmadjqv6yaa3axxsuhy6zv6tupu78p8u gonka14ljarev2nlzu4ej50vx7ylj2rvg4n20fnq2ysc gonka14tqh62mangwzrma2lgg2dm375rcjzn2ydy8ttm gonka15munkmx6x7k6rqqeexjet4556p7at39ks9qgr5 gonka18xeqnspxpg2vncufnjne485rkaagwvz7whyn0d gonka19ghzvgfr065s3fr5awuvs3nhy9fq4n7wrr9kel gonka1amlmhjym02shahjv8ldmupg4cx0qc66q6f85rj gonka1ccdm8j6sjyhq4qask049dwgaczs7f3pxte6zmp gonka1d7ghexkrnm00fh695zcd00xgfgwxe2vvamcsdt gonka1f0u3y2wneer8zhz3ypw4x54h38cpa0qsy8ts3e gonka1fc9tzt83dgrqswlgay4668cuqjrk7zsqks2vm2 gonka1fvly5jrewyjmjfgwah3khy9rttq4cqajcesv9p gonka1hwvel7n3zuk6wruefuzc356l9myske9stckwnz gonka1lr9mj6dgkv0h76c8y8w0l3esztyg9v2q8d6d8d gonka1myu058axjs62mc3e7n...,Local Discord chat signal; not public owner proof without independent corroboration.
gonka1j7x6dv42xehe9e5au4ku3wvzwtqlegfjhlvzj6,gonka1j7x6dv42xehe9e5au4ku3wvzwtqlegfjhlvzj6,recipient,no_chat_signal,,no_chat_signal,,,,,,,,,,0,,No relevant local Discord signal found.
gonka1jrgm47v5eg876udmzg6j6glqcsd5x0vk6crpax,gonka1jrgm47v5eg876udmzg6j6glqcsd5x0vk6crpax,recipient,no_chat_signal,,no_chat_signal,,,,,,,,,,0,,No relevant local Discord signal found.
gonka1kvmerzu64094dt9t62ea0cp75larh39ulzldum,gonka1kvmerzu64094dt9t62ea0cp75larh39ulzldum,voter,no_chat_signal,,no_chat_signal,,,,,,,,,,0,,No relevant local Discord signal found.
gonka1kx9mca3xm8u8ypzfuhmxey66u0ufxhs7nm6wc5,gonka-3 · gonka1kx9mca3xm8u8ypzfuhmxey66u0ufxhs7nm6wc5,recipient,public_owner_proof,ma1teg0,discord_self_claim,high,HOSTS - ｜техническая-поддержка｜,1465319821901037804,"понедельник, 26 января 2026 г. 15:17",ma1teg0,ma1teg0,784414126075936819,same_message,history/export-gonka-full/Gonka - HOSTS - ｜техническая-поддержка｜ [1436068586186608710].html#chatlog__message-container-1465319821901037804,5,"Всем привет! Подскажите, пожалуйста, в чём может быть дело. Ноды не вошли в активный пул валидаторов в 151-й эпохе: их ML-ноды не получили вес. При этом мы видим, что запрос на прохождение PoC приходил, и ML-ноды успешно отправляли батчи валидации на API-ноду. Также на ноду были назначены epoch_models, например, как в примере ниже: ""epoch_models"": { ""Qwen/Qwen3-235B-A22B-Instruct-2507-FP8"": { ""proposed_by"": ""gonka1kx9mca3xm8u8ypzfuhmxey66u0ufxhs7nm6wc5"", ""id"": ""Qwen/Qwen3-235B-A22B-Instruct-2507-FP8"", ""units_of_compute_per_token"": 10000, ""hf_repo"": ""Qwen/Qwen3-235B-A22B-Instruct-2507-FP8"", ""hf_commit"": ""c0eb82898e3da8fb6dd017e3e6698a5e37b3a3e6"", ""model_args"": [ ""--max-model-len"", ""240000"" ]...",Local Discord chat signal; not public owner proof without independent corroboration.
gonka1l8jd2nz92mnem0xwgwkltcw2952cnlphs5arsa,gonka1l8jd2nz92mnem0xwgwkltcw2952cnlphs5arsa,recipient,no_chat_signal,,no_chat_signal,,,,,,,,,,0,,No relevant local Discord signal found.
gonka1m58jds005cttwq2vt0p7yk6vy2aqg254cqqppf,gonka1m58jds005cttwq2vt0p7yk6vy2aqg254cqqppf,voter,no_chat_signal,,no_chat_signal,,,,,,,,,,0,,No relevant local Discord signal found.
gonka1mgdgcll2f4m0cjekqyueheeu7y8adz0hddfnh2,gonka1mgdgcll2f4m0cjekqyueheeu7y8adz0hddfnh2,voter,no_chat_signal,,no_chat_signal,,,,,,,,,,0,,No relevant local Discord signal found.
gonka1mmlyd5xxu5l68yx8wzclrkxkxvm88mhq5tp5s0,gonka1mmlyd5xxu5l68yx8wzclrkxkxvm88mhq5tp5s0,recipient,no_chat_signal,,no_chat_signal,,,,,,,,,,0,,No relevant local Discord signal found.
gonka1myu058axjs62mc3e7na9krwvqpfl9z3gtcw9es,gonka1myu058axjs62mc3e7na9krwvqpfl9z3gtcw9es,recipient,weak_context,,discord_context_only,medium,COMMUNITY HUB - ｜general-chat｜,1502054722692059286,,Galaxy,galaxy098,906650667727323136,same_message,history/export-gonka-full/Gonka - COMMUNITY HUB - ｜general-chat｜ [1336477374946082928].html#chatlog__message-container-1502054722692059286,1,gonka12pcu9mcrpa4w4sjd9y3dsksnvu495ss6f9r4ra gonka12tfc6ccmadjqv6yaa3axxsuhy6zv6tupu78p8u gonka14ljarev2nlzu4ej50vx7ylj2rvg4n20fnq2ysc gonka14tqh62mangwzrma2lgg2dm375rcjzn2ydy8ttm gonka15munkmx6x7k6rqqeexjet4556p7at39ks9qgr5 gonka18xeqnspxpg2vncufnjne485rkaagwvz7whyn0d gonka19ghzvgfr065s3fr5awuvs3nhy9fq4n7wrr9kel gonka1amlmhjym02shahjv8ldmupg4cx0qc66q6f85rj gonka1ccdm8j6sjyhq4qask049dwgaczs7f3pxte6zmp gonka1d7ghexkrnm00fh695zcd00xgfgwxe2vvamcsdt gonka1f0u3y2wneer8zhz3ypw4x54h38cpa0qsy8ts3e gonka1fc9tzt83dgrqswlgay4668cuqjrk7zsqks2vm2 gonka1fvly5jrewyjmjfgwah3khy9rttq4cqajcesv9p gonka1hwvel7n3zuk6wruefuzc356l9myske9stckwnz gonka1lr9mj6dgkv0h76c8y8w0l3esztyg9v2q8d6d8d gonka1myu058axjs62mc3e7n...,Local Discord chat signal; not public owner proof without independent corroboration.
gonka1naxyjmun6kl23htjdujwd6c5z5avgwapsrmfk3,gonka1naxyjmun6kl23htjdujwd6c5z5avgwapsrmfk3,voter,no_chat_signal,,no_chat_signal,,,,,,,,,,0,,No relevant local Discord signal found.
gonka1nmn039cgpkhmkzekpkfz3nkv9tcjckpn46jyrj,gonka1nmn039cgpkhmkzekpkfz3nkv9tcjckpn46jyrj,voter,no_chat_signal,,no_chat_signal,,,,,,,,,,0,,No relevant local Discord signal found.
gonka1q5xt54wncgzk7dxv9x64uln68455g83wu9tugg,Votkon? · gonka1q5xt54wncgzk7dxv9x64uln68455g83wu9tugg,recipient voter,weak_context,,discord_context_only,medium,COMMUNITY HUB - ｜general-chat｜,1502054722692059286,,Galaxy,galaxy098,906650667727323136,same_message,history/export-gonka-full/Gonka - COMMUNITY HUB - ｜general-chat｜ [1336477374946082928].html#chatlog__message-container-1502054722692059286,1,gonka12pcu9mcrpa4w4sjd9y3dsksnvu495ss6f9r4ra gonka12tfc6ccmadjqv6yaa3axxsuhy6zv6tupu78p8u gonka14ljarev2nlzu4ej50vx7ylj2rvg4n20fnq2ysc gonka14tqh62mangwzrma2lgg2dm375rcjzn2ydy8ttm gonka15munkmx6x7k6rqqeexjet4556p7at39ks9qgr5 gonka18xeqnspxpg2vncufnjne485rkaagwvz7whyn0d gonka19ghzvgfr065s3fr5awuvs3nhy9fq4n7wrr9kel gonka1amlmhjym02shahjv8ldmupg4cx0qc66q6f85rj gonka1ccdm8j6sjyhq4qask049dwgaczs7f3pxte6zmp gonka1d7ghexkrnm00fh695zcd00xgfgwxe2vvamcsdt gonka1f0u3y2wneer8zhz3ypw4x54h38cpa0qsy8ts3e gonka1fc9tzt83dgrqswlgay4668cuqjrk7zsqks2vm2 gonka1fvly5jrewyjmjfgwah3khy9rttq4cqajcesv9p gonka1hwvel7n3zuk6wruefuzc356l9myske9stckwnz gonka1lr9mj6dgkv0h76c8y8w0l3esztyg9v2q8d6d8d gonka1myu058axjs62mc3e7n...,Local Discord chat signal; not public owner proof without independent corroboration.
gonka1q9f3wphjnf633fevej30y4aw3nnw87hl0r7qe4,asd.gnk · gonka1q9f3wphjnf633fevej30y4aw3nnw87hl0r7qe4,voter,public_owner_proof,,no_chat_signal,,,,,,,,,,0,,No relevant local Discord signal found.
gonka1qa90tgczc0k5dvk4l5nvlf5y6phgm6mg22sfjv,Formula X? · gonka1qa90tgczc0k5dvk4l5nvlf5y6phgm6mg22sfjv,recipient,no_chat_signal,,no_chat_signal,,,,,,,,,,0,,No relevant local Discord signal found.
gonka1qwfrtz9c7kcrfkrrlne2pkcye74mj6ce33xdkl,gonka1qwfrtz9c7kcrfkrrlne2pkcye74mj6ce33xdkl,voter,weak_context,,discord_context_only,medium,COMMUNITY HUB - ｜general-chat｜,1502054722692059286,,Galaxy,galaxy098,906650667727323136,same_message,history/export-gonka-full/Gonka - COMMUNITY HUB - ｜general-chat｜ [1336477374946082928].html#chatlog__message-container-1502054722692059286,1,gonka12pcu9mcrpa4w4sjd9y3dsksnvu495ss6f9r4ra gonka12tfc6ccmadjqv6yaa3axxsuhy6zv6tupu78p8u gonka14ljarev2nlzu4ej50vx7ylj2rvg4n20fnq2ysc gonka14tqh62mangwzrma2lgg2dm375rcjzn2ydy8ttm gonka15munkmx6x7k6rqqeexjet4556p7at39ks9qgr5 gonka18xeqnspxpg2vncufnjne485rkaagwvz7whyn0d gonka19ghzvgfr065s3fr5awuvs3nhy9fq4n7wrr9kel gonka1amlmhjym02shahjv8ldmupg4cx0qc66q6f85rj gonka1ccdm8j6sjyhq4qask049dwgaczs7f3pxte6zmp gonka1d7ghexkrnm00fh695zcd00xgfgwxe2vvamcsdt gonka1f0u3y2wneer8zhz3ypw4x54h38cpa0qsy8ts3e gonka1fc9tzt83dgrqswlgay4668cuqjrk7zsqks2vm2 gonka1fvly5jrewyjmjfgwah3khy9rttq4cqajcesv9p gonka1hwvel7n3zuk6wruefuzc356l9myske9stckwnz gonka1lr9mj6dgkv0h76c8y8w0l3esztyg9v2q8d6d8d gonka1myu058axjs62mc3e7n...,Local Discord chat signal; not public owner proof without independent corroboration.
gonka1scskt6wpnjnumsah6kjphmdu87vjgvcxmn4rxv,gonka1scskt6wpnjnumsah6kjphmdu87vjgvcxmn4rxv,recipient voter,no_chat_signal,,no_chat_signal,,,,,,,,,,0,,No relevant local Discord signal found.
gonka1tja3g2da45efhe2p83gk3whtussmgmtsdlgprt,gonka1tja3g2da45efhe2p83gk3whtussmgmtsdlgprt,recipient voter,weak_context,,discord_context_only,medium,COMMUNITY HUB - ｜general-chat｜,1502054722692059286,,Galaxy,galaxy098,906650667727323136,same_message,history/export-gonka-full/Gonka - COMMUNITY HUB - ｜general-chat｜ [1336477374946082928].html#chatlog__message-container-1502054722692059286,1,gonka12pcu9mcrpa4w4sjd9y3dsksnvu495ss6f9r4ra gonka12tfc6ccmadjqv6yaa3axxsuhy6zv6tupu78p8u gonka14ljarev2nlzu4ej50vx7ylj2rvg4n20fnq2ysc gonka14tqh62mangwzrma2lgg2dm375rcjzn2ydy8ttm gonka15munkmx6x7k6rqqeexjet4556p7at39ks9qgr5 gonka18xeqnspxpg2vncufnjne485rkaagwvz7whyn0d gonka19ghzvgfr065s3fr5awuvs3nhy9fq4n7wrr9kel gonka1amlmhjym02shahjv8ldmupg4cx0qc66q6f85rj gonka1ccdm8j6sjyhq4qask049dwgaczs7f3pxte6zmp gonka1d7ghexkrnm00fh695zcd00xgfgwxe2vvamcsdt gonka1f0u3y2wneer8zhz3ypw4x54h38cpa0qsy8ts3e gonka1fc9tzt83dgrqswlgay4668cuqjrk7zsqks2vm2 gonka1fvly5jrewyjmjfgwah3khy9rttq4cqajcesv9p gonka1hwvel7n3zuk6wruefuzc356l9myske9stckwnz gonka1lr9mj6dgkv0h76c8y8w0l3esztyg9v2q8d6d8d gonka1myu058axjs62mc3e7n...,Local Discord chat signal; not public owner proof without independent corroboration.
gonka1tl5m3vuqsx333v7095ymwjdc4vdk2wd9r5hqws,gonka1tl5m3vuqsx333v7095ymwjdc4vdk2wd9r5hqws,recipient,no_chat_signal,,no_chat_signal,,,,,,,,,,0,,No relevant local Discord signal found.
gonka1tlvg4kjx7ljd5thgd5fkgh39q6lu8cmxupktgg,gonka1tlvg4kjx7ljd5thgd5fkgh39q6lu8cmxupktgg,recipient,weak_context,,discord_context_only,medium,COMMUNITY HUB - ｜general-chat｜,1502054722692059286,,Galaxy,galaxy098,906650667727323136,same_message,history/export-gonka-full/Gonka - COMMUNITY HUB - ｜general-chat｜ [1336477374946082928].html#chatlog__message-container-1502054722692059286,1,gonka12pcu9mcrpa4w4sjd9y3dsksnvu495ss6f9r4ra gonka12tfc6ccmadjqv6yaa3axxsuhy6zv6tupu78p8u gonka14ljarev2nlzu4ej50vx7ylj2rvg4n20fnq2ysc gonka14tqh62mangwzrma2lgg2dm375rcjzn2ydy8ttm gonka15munkmx6x7k6rqqeexjet4556p7at39ks9qgr5 gonka18xeqnspxpg2vncufnjne485rkaagwvz7whyn0d gonka19ghzvgfr065s3fr5awuvs3nhy9fq4n7wrr9kel gonka1amlmhjym02shahjv8ldmupg4cx0qc66q6f85rj gonka1ccdm8j6sjyhq4qask049dwgaczs7f3pxte6zmp gonka1d7ghexkrnm00fh695zcd00xgfgwxe2vvamcsdt gonka1f0u3y2wneer8zhz3ypw4x54h38cpa0qsy8ts3e gonka1fc9tzt83dgrqswlgay4668cuqjrk7zsqks2vm2 gonka1fvly5jrewyjmjfgwah3khy9rttq4cqajcesv9p gonka1hwvel7n3zuk6wruefuzc356l9myske9stckwnz gonka1lr9mj6dgkv0h76c8y8w0l3esztyg9v2q8d6d8d gonka1myu058axjs62mc3e7n...,Local Discord chat signal; not public owner proof without independent corroboration.
gonka1tmk2tzdneht6smu34pkmqdvu7p34qavvmwtwq2,gonka1tmk2tzdneht6smu34pkmqdvu7p34qavvmwtwq2,recipient,no_chat_signal,,no_chat_signal,,,,,,,,,,0,,No relevant local Discord signal found.
gonka1uhqpup9fev3zahlx6n326lp0krznc6usjtx6lu,gonka1uhqpup9fev3zahlx6n326lp0krznc6usjtx6lu,recipient,no_chat_signal,,no_chat_signal,,,,,,,,,,0,,No relevant local Discord signal found.
gonka1ujnc662v6g69jm6fgxnr79a2m7ehzeut059239,xscp_x? · gonka1ujnc662v6g69jm6fgxnr79a2m7ehzeut059239,recipient,strong_local_operator_signal,xscp_x,discord_self_claim,high,HOSTS - ｜host-support｜,1451516101518426213,"пятница, 19 декабря 2025 г. 13:06",xscp_x,xscp_x,1088253807135297576,same_message,history/export-gonka-full/Gonka - HOSTS - ｜host-support｜ [1408382697537011814].html#chatlog__message-container-1451516101518426213,3,"@BerlinBro,Help me out: I have 3 unlaimed rewards, one wallet is : gonka1ujnc662v6g69jm6fgxnr79a2m7ehzeut059239 (1) I upgraded decentralized-api binary manually inside API container directory using: wget -q -O decentralized-api.zip https://github.com/product-science/race-releases/releases/download/release%2Fv0.2.5-post7/decentralized-api-amd64.zip sudo unzip -o -j decentralized-api.zip -d .dapi/cosmovisor/genesis/bin/ sudo chmod +x .dapi/cosmovisor/genesis/bin/decentralized-api Container restarted correctly. Node stayed synced. (2) I executed both claim methods successfully: First: POST http://localhost:9200/admin/v1/claim-reward/recover with body {“force_claim”: true, “epoch_id”: 114} Resp...",Local Discord chat signal; not public owner proof without independent corroboration.
gonka1vjz8csqsr0ph0lv0yylc4auypnzrld7y6l2feu,gonka1vjz8csqsr0ph0lv0yylc4auypnzrld7y6l2feu,voter,weak_context,,discord_context_only,medium,COMMUNITY HUB - ｜general-chat｜,1502054722692059286,,Galaxy,galaxy098,906650667727323136,same_message,history/export-gonka-full/Gonka - COMMUNITY HUB - ｜general-chat｜ [1336477374946082928].html#chatlog__message-container-1502054722692059286,1,gonka12pcu9mcrpa4w4sjd9y3dsksnvu495ss6f9r4ra gonka12tfc6ccmadjqv6yaa3axxsuhy6zv6tupu78p8u gonka14ljarev2nlzu4ej50vx7ylj2rvg4n20fnq2ysc gonka14tqh62mangwzrma2lgg2dm375rcjzn2ydy8ttm gonka15munkmx6x7k6rqqeexjet4556p7at39ks9qgr5 gonka18xeqnspxpg2vncufnjne485rkaagwvz7whyn0d gonka19ghzvgfr065s3fr5awuvs3nhy9fq4n7wrr9kel gonka1amlmhjym02shahjv8ldmupg4cx0qc66q6f85rj gonka1ccdm8j6sjyhq4qask049dwgaczs7f3pxte6zmp gonka1d7ghexkrnm00fh695zcd00xgfgwxe2vvamcsdt gonka1f0u3y2wneer8zhz3ypw4x54h38cpa0qsy8ts3e gonka1fc9tzt83dgrqswlgay4668cuqjrk7zsqks2vm2 gonka1fvly5jrewyjmjfgwah3khy9rttq4cqajcesv9p gonka1hwvel7n3zuk6wruefuzc356l9myske9stckwnz gonka1lr9mj6dgkv0h76c8y8w0l3esztyg9v2q8d6d8d gonka1myu058axjs62mc3e7n...,Local Discord chat signal; not public owner proof without independent corroboration.
gonka1wkgawwdzj623ss8eywayzdj6qcgr2llygactje,gonka1wkgawwdzj623ss8eywayzdj6qcgr2llygactje,recipient,no_chat_signal,,no_chat_signal,,,,,,,,,,0,,No relevant local Discord signal found.
gonka1wt8sr9jxzpec65j7zkxsgh6edk3m6r8nlf5za4,gonka1wt8sr9jxzpec65j7zkxsgh6edk3m6r8nlf5za4,recipient voter,no_chat_signal,,no_chat_signal,,,,,,,,,,0,,No relevant local Discord signal found.
gonka1wthc28t25pg63hzvl07rl8e8r6km6hesl6jhsz,gonka1wthc28t25pg63hzvl07rl8e8r6km6hesl6jhsz,recipient,no_chat_signal,,no_chat_signal,,,,,,,,,,0,,No relevant local Discord signal found.
gonka1wvv656pt2d8x2khcvytqeessck5uzjnxzsa8f6,gonka1wvv656pt2d8x2khcvytqeessck5uzjnxzsa8f6,recipient,weak_context,,discord_context_only,medium,COMMUNITY HUB - ｜general-chat｜,1502054722692059286,,Galaxy,galaxy098,906650667727323136,same_message,history/export-gonka-full/Gonka - COMMUNITY HUB - ｜general-chat｜ [1336477374946082928].html#chatlog__message-container-1502054722692059286,1,gonka12pcu9mcrpa4w4sjd9y3dsksnvu495ss6f9r4ra gonka12tfc6ccmadjqv6yaa3axxsuhy6zv6tupu78p8u gonka14ljarev2nlzu4ej50vx7ylj2rvg4n20fnq2ysc gonka14tqh62mangwzrma2lgg2dm375rcjzn2ydy8ttm gonka15munkmx6x7k6rqqeexjet4556p7at39ks9qgr5 gonka18xeqnspxpg2vncufnjne485rkaagwvz7whyn0d gonka19ghzvgfr065s3fr5awuvs3nhy9fq4n7wrr9kel gonka1amlmhjym02shahjv8ldmupg4cx0qc66q6f85rj gonka1ccdm8j6sjyhq4qask049dwgaczs7f3pxte6zmp gonka1d7ghexkrnm00fh695zcd00xgfgwxe2vvamcsdt gonka1f0u3y2wneer8zhz3ypw4x54h38cpa0qsy8ts3e gonka1fc9tzt83dgrqswlgay4668cuqjrk7zsqks2vm2 gonka1fvly5jrewyjmjfgwah3khy9rttq4cqajcesv9p gonka1hwvel7n3zuk6wruefuzc356l9myske9stckwnz gonka1lr9mj6dgkv0h76c8y8w0l3esztyg9v2q8d6d8d gonka1myu058axjs62mc3e7n...,Local Discord chat signal; not public owner proof without independent corroboration.
gonka1xwkesaxvdadh9wt9yyladu0r260s7whklcktds,gonka1xwkesaxvdadh9wt9yyladu0r260s7whklcktds,recipient,no_chat_signal,,no_chat_signal,,,,,,,,,,0,,No relevant local Discord signal found.
gonka1y2a9p56kv044327uycmqdexl7zs82fs5ryv5le,gonka-1 · gonka1y2a9p56kv044327uycmqdexl7zs82fs5ryv5le,recipient,public_owner_proof,,discord_context_only,medium,HOSTS - ｜host-support｜,1456035107243556886,,atcrypto,.atcrypto,197307732586397696,same_message,history/export-gonka-full/Gonka - HOSTS - ｜host-support｜ [1408382697537011814].html#chatlog__message-container-1456035107243556886,3,gonka1c4z7x40pp03mynu3jjhud8q38780du6q68nu9y gonka1ca9pva58lm296uphq5wd2v95h6amfyvvnypxdc gonka1ckfusrye6rxlrlmgpm3rkcavz23z7z2ey37wvz gonka1cw859nqcd9mg3y3alraluswu55xz9j36evsxd3 gonka1egvfr7l6udwnaz5tgqwwwyhn8vrg9wu74r3z89 gonka1eupa9v2qs77yqz7ramc88gy5vmwyfsc2rq8eqy gonka1f4mcr5pzn9rtdyzdv9dfg4x47vrqxk0f2ujqs7 gonka1fp8ue6lf5qspkqu6yfpatjquun35r54zw4ndul gonka1gzzxthgns754y4dqe39dp32y0fa0p5uzkl5w03 gonka1hkz4qdpl2z4zvlyt6mxfsx04yxfp7sjhnyu2xn gonka1hn9wmlfe7nha0x26p7nsqvk9g8pnwml74hrm8n gonka1hp35n496dgnhfl98qlhhzvq5zema6zlcv8slvd gonka1j9rxapzwm06quxcul5686e7f39g6swhfhwxtwa gonka1jltjehxsnum94nt8c00ts7khmpy4lafv6gryzk gonka1kkfmsuqzcyvfm40exx3ue2tlg8er3csxlm2nh3 gonka1ktd5rha9hghm4hzt2e...,Local Discord chat signal; not public owner proof without independent corroboration.
gonka1yal0ysgzc860zt3y8cds8656tnueusgymftvkw,gonka1yal0ysgzc860zt3y8cds8656tnueusgymftvkw,recipient,no_chat_signal,,no_chat_signal,,,,,,,,,,0,,No relevant local Discord signal found.
gonka1ym3np7guxart483yfdxnlztuazx22cjt0e4a2p,Arturs Plisko? · Hyperfusion · gonka1ym3np7guxart483yfdxnlztuazx22cjt0e4a2p,voter,public_owner_proof,,no_chat_signal,,,,,,,,,,0,,No relevant local Discord signal found.
gonka1zktn8j65wlys8a8e38hqhf4y3x6m4x04zskkrx,Ваня Лось? · gonka1zktn8j65wlys8a8e38hqhf4y3x6m4x04zskkrx,recipient voter,weak_context,,discord_context_only,medium,COMMUNITY HUB - ｜general-chat｜,1502054722692059286,,Galaxy,galaxy098,906650667727323136,same_message,history/export-gonka-full/Gonka - COMMUNITY HUB - ｜general-chat｜ [1336477374946082928].html#chatlog__message-container-1502054722692059286,1,gonka12pcu9mcrpa4w4sjd9y3dsksnvu495ss6f9r4ra gonka12tfc6ccmadjqv6yaa3axxsuhy6zv6tupu78p8u gonka14ljarev2nlzu4ej50vx7ylj2rvg4n20fnq2ysc gonka14tqh62mangwzrma2lgg2dm375rcjzn2ydy8ttm gonka15munkmx6x7k6rqqeexjet4556p7at39ks9qgr5 gonka18xeqnspxpg2vncufnjne485rkaagwvz7whyn0d gonka19ghzvgfr065s3fr5awuvs3nhy9fq4n7wrr9kel gonka1amlmhjym02shahjv8ldmupg4cx0qc66q6f85rj gonka1ccdm8j6sjyhq4qask049dwgaczs7f3pxte6zmp gonka1d7ghexkrnm00fh695zcd00xgfgwxe2vvamcsdt gonka1f0u3y2wneer8zhz3ypw4x54h38cpa0qsy8ts3e gonka1fc9tzt83dgrqswlgay4668cuqjrk7zsqks2vm2 gonka1fvly5jrewyjmjfgwah3khy9rttq4cqajcesv9p gonka1hwvel7n3zuk6wruefuzc356l9myske9stckwnz gonka1lr9mj6dgkv0h76c8y8w0l3esztyg9v2q8d6d8d gonka1myu058axjs62mc3e7n...,Local Discord chat signal; not public owner proof without independent corroboration.
