rank,cluster_id,kind,label,addresses,roles,recipient_count,voter_count,recipient_voter_count,total_compensation_gonka,total_voting_power,vote_power_by_option,vote_address_counts,evidence_boundary,interest_score,top_evidence,caveats
1,label:http://89.169.97.113:8000,label,http://89.169.97.113:8000,gonka1q5xt54wncgzk7dxv9x64uln68455g83wu9tugg,epoch_commit_participant operator recipient voter,1,1,1,73073.708453,92840,yes:92840.0,yes:1,shared_public_label_only,46.531,"compensation_output:73073.708453 GONKA:high | matched_validator_moniker:gonkavaloper1q5xt54wncgzk7dxv9x64uln68455g83wq96ml9:high | matched_validator_moniker:gonkavaloper1q5xt54wncgzk7dxv9x64uln68455g83wq96ml9:high | proposal_vote:yes:high | telegram_operator_statement:Успевайте заделегировать Кими до след эпохи чтобы не потерять 15% ! Если ищите кому делегировать, то можно вот сюда:./inferenced tx inference set-poc-delegation moonshotai/Kimi-K2.6 gonka1q5xt54wncgzk7dxv9x64uln68455g83wu9tugg \ --from <your-account-key> \ --node http://node2.gonka.ai:8000/chain-rpc/ \ --chain-id gonka-mainnet \ --keyring-backend file \ --gas auto \ --gas-adjustment 1.3 \ -yЭто топ 1 сегмент по весу...:high | epoch_commit_participant:e265 moonshotai/Kimi-K2.6 count=80416:medium","No strict public owner proof. | Cluster may be based on infrastructure/public signals, not ownership. | At least one address both received compensation and voted."
2,label:http://54.38.118.143:8000,label,http://54.38.118.143:8000,gonka1gvrrhjmy4w4mayvs2s5l23edj8ertcmtd2v4zr,epoch_commit_participant recipient voter,1,1,1,52290.195676,86433,yes:86433.0,yes:1,shared_public_label_only,40.42,compensation_output:52290.195676 GONKA:high | matched_validator_moniker:gonkavaloper1gvrrhjmy4w4mayvs2s5l23edj8ertcmt32aj4w:high | matched_validator_moniker:gonkavaloper1gvrrhjmy4w4mayvs2s5l23edj8ertcmt32aj4w:high | proposal_vote:yes:high | epoch_commit_participant:e268 Qwen/Qwen3-235B-A22B-Instruct-2507-FP8 count=8512:medium | epoch_commit_participant:e269 Qwen/Qwen3-235B-A22B-Instruct-2507-FP8 count=8640:medium,"No strict public owner proof. | Cluster may be based on infrastructure/public signals, not ownership. | At least one address both received compensation and voted."
3,label:http://135.181.56.61:8000,label,http://135.181.56.61:8000,gonka1qa90tgczc0k5dvk4l5nvlf5y6phgm6mg22sfjv,epoch_commit_participant recipient,1,0,0,158541.879456,0,,,shared_public_label_only,39.635,compensation_output:158541.879456 GONKA:high | matched_validator_moniker:gonkavaloper1qa90tgczc0k5dvk4l5nvlf5y6phgm6mgk2pw9p:high | matched_validator_moniker:gonkavaloper1qa90tgczc0k5dvk4l5nvlf5y6phgm6mgk2pw9p:high | epoch_commit_participant:e266 moonshotai/Kimi-K2.6 count=55552:medium | epoch_commit_participant:e267 moonshotai/Kimi-K2.6 count=56352:medium | epoch_commit_participant:e268 moonshotai/Kimi-K2.6 count=60320:medium,"No strict public owner proof. | Cluster may be based on infrastructure/public signals, not ownership."
4,"label:ancapex | Mine from $1, no losses from node failures",label,"ancapex | Mine from $1, no losses from node failures",gonka10mmdjau4dnj8krs7sh7t7635ttnmq9u3vqgz09,epoch_commit_participant recipient voter,1,1,1,66487.744752,28865,no_with_veto:28865.0,no_with_veto:1,public_owner_proof,35.746,"matched_validator_identity:B22258DF68546529:high | matched_validator_identity:B22258DF68546529:high | matched_validator_moniker:ancapex | Mine from $1, no losses from node failures:high | matched_validator_moniker:ancapex | Mine from $1, no losses from node failures:high | validator_key_match:1MsHbnXp09bUZK/WEJVpwTOiZgKN+P5R7zuXXQUnYDM=:high | compensation_output:66487.744752 GONKA:high",At least one address both received compensation and voted.
5,label:http://178.105.174.27:8000,label,http://178.105.174.27:8000,gonka1007dchuqgdnute4qam70kmn56j2vfw38mhyrqv,epoch_commit_participant recipient voter,1,1,1,11262.520198,57838,yes:57838.0,yes:1,shared_public_label_only,26.078,compensation_output:11262.520198 GONKA:high | proposal_vote:yes:high | epoch_commit_participant:e268 moonshotai/Kimi-K2.6 count=14528:medium | epoch_commit_participant:e269 moonshotai/Kimi-K2.6 count=7296:medium | epoch_commit_participant:e270 moonshotai/Kimi-K2.6 count=14880:medium | epoch_commit_participant:e271 moonshotai/Kimi-K2.6 count=22336:medium,"No strict public owner proof. | Cluster may be based on infrastructure/public signals, not ownership. | At least one address both received compensation and voted."
6,label:http://54.37.131.156:8000,label,http://54.37.131.156:8000,gonka17pw6099q758qwzewtrqmqpf5c2lrhr97fwqexu,epoch_commit_participant recipient,1,0,0,101147.807219,0,,,shared_public_label_only,25.287,compensation_output:101147.807219 GONKA:high | epoch_commit_participant:e265 Qwen/Qwen3-235B-A22B-Instruct-2507-FP8 count=56288:medium | epoch_commit_participant:e265 moonshotai/Kimi-K2.6 count=144224:medium | epoch_commit_participant:e266 Qwen/Qwen3-235B-A22B-Instruct-2507-FP8 count=59296:medium | epoch_commit_participant:e266 moonshotai/Kimi-K2.6 count=153408:medium | epoch_commit_participant:e267 Qwen/Qwen3-235B-A22B-Instruct-2507-FP8 count=59264:medium,"No strict public owner proof. | Cluster may be based on infrastructure/public signals, not ownership."
7,label:http://65.21.232.177:8000,label,http://65.21.232.177:8000,gonka1uhqpup9fev3zahlx6n326lp0krznc6usjtx6lu,epoch_commit_participant recipient,1,0,0,96601.320933,0,,,shared_public_label_only,24.15,compensation_output:96601.320933 GONKA:high | matched_validator_moniker:gonkavaloper1uhqpup9fev3zahlx6n326lp0krznc6uswthag3:high | matched_validator_moniker:gonkavaloper1uhqpup9fev3zahlx6n326lp0krznc6uswthag3:high | epoch_commit_participant:e270 moonshotai/Kimi-K2.6 count=68352:medium | epoch_commit_participant:e271 moonshotai/Kimi-K2.6 count=59712:medium | epoch_commit_participant:e272 moonshotai/Kimi-K2.6 count=59808:medium,"No strict public owner proof. | Cluster may be based on infrastructure/public signals, not ownership."
8,label:http://network000.kaitaku.ai:8000,label,http://network000.kaitaku.ai:8000,gonka168rtjfkszuhcggg4dfyse4yh7xn9zwfglnkns2,epoch_commit_participant recipient voter,1,1,1,11021.18308,25278,no_with_veto:25278.0,no_with_veto:1,shared_public_label_only,21.366,compensation_output:11021.18308 GONKA:high | matched_validator_moniker:gonkavaloper168rtjfkszuhcggg4dfyse4yh7xn9zwfgrn8588:high | matched_validator_moniker:gonkavaloper168rtjfkszuhcggg4dfyse4yh7xn9zwfgrn8588:high | proposal_vote:no_with_veto:high | epoch_commit_participant:e265 moonshotai/Kimi-K2.6 count=10528:medium | epoch_commit_participant:e266 Qwen/Qwen3-235B-A22B-Instruct-2507-FP8 count=1408:medium,"No strict public owner proof. | Cluster may be based on infrastructure/public signals, not ownership. | At least one address both received compensation and voted."
9,label:http://148.113.47.235:8000,label,http://148.113.47.235:8000,gonka1tja3g2da45efhe2p83gk3whtussmgmtsdlgprt,delegator epoch_commit_participant recipient voter,1,1,1,1805.142498,31217,yes:31217.0,yes:1,shared_public_label_only,19.911,compensation_output:1805.142498 GONKA:high | matched_validator_moniker:gonkavaloper1tja3g2da45efhe2p83gk3whtussmgmts3lex5x:high | matched_validator_moniker:gonkavaloper1tja3g2da45efhe2p83gk3whtussmgmts3lex5x:high | proposal_vote:yes:high | epoch_commit_participant:e265 Qwen/Qwen3-235B-A22B-Instruct-2507-FP8 count=60352:medium | epoch_commit_participant:e266 Qwen/Qwen3-235B-A22B-Instruct-2507-FP8 count=63392:medium,"No strict public owner proof. | Cluster may be based on infrastructure/public signals, not ownership. | At least one address both received compensation and voted."
10,label:http://57.128.30.101:8000,label,http://57.128.30.101:8000,gonka1wthc28t25pg63hzvl07rl8e8r6km6hesl6jhsz,epoch_commit_participant recipient,1,0,0,79247.555227,0,,,shared_public_label_only,19.812,compensation_output:79247.555227 GONKA:high | epoch_commit_participant:e265 Qwen/Qwen3-235B-A22B-Instruct-2507-FP8 count=4544:medium | epoch_commit_participant:e266 Qwen/Qwen3-235B-A22B-Instruct-2507-FP8 count=4480:medium | epoch_commit_participant:e266 moonshotai/Kimi-K2.6 count=85632:medium | epoch_commit_participant:e267 Qwen/Qwen3-235B-A22B-Instruct-2507-FP8 count=4096:medium | epoch_commit_participant:e267 moonshotai/Kimi-K2.6 count=98656:medium,"No strict public owner proof. | Cluster may be based on infrastructure/public signals, not ownership."
11,label:http://148.113.47.71:8000,label,http://148.113.47.71:8000,gonka1hwvel7n3zuk6wruefuzc356l9myske9stckwnz,delegator epoch_commit_participant recipient voter,1,1,1,1575.513417,19974,yes:19974.0,yes:1,shared_public_label_only,18.247,compensation_output:1575.513417 GONKA:high | matched_validator_moniker:gonkavaloper1hwvel7n3zuk6wruefuzc356l9myske9shc8fy0:high | matched_validator_moniker:gonkavaloper1hwvel7n3zuk6wruefuzc356l9myske9shc8fy0:high | proposal_vote:yes:high | epoch_commit_participant:e265 Qwen/Qwen3-235B-A22B-Instruct-2507-FP8 count=51552:medium | epoch_commit_participant:e266 Qwen/Qwen3-235B-A22B-Instruct-2507-FP8 count=47392:medium,"No strict public owner proof. | Cluster may be based on infrastructure/public signals, not ownership. | At least one address both received compensation and voted."
12,label:http://88.99.213.222:8000,label,http://88.99.213.222:8000,gonka1wt8sr9jxzpec65j7zkxsgh6edk3m6r8nlf5za4,epoch_commit_participant recipient voter,1,1,1,10934.181496,0,no_with_veto:0.0,no_with_veto:1,shared_public_label_only,17.734,compensation_output:10934.181496 GONKA:high | proposal_vote:no_with_veto:high | epoch_commit_participant:e265 moonshotai/Kimi-K2.6 count=12832:medium | epoch_commit_participant:e268 Qwen/Qwen3-235B-A22B-Instruct-2507-FP8 count=39328:medium | epoch_commit_participant:e270 moonshotai/Kimi-K2.6 count=13536:medium | epoch_commit_participant:e271 moonshotai/Kimi-K2.6 count=19552:medium,"No strict public owner proof. | Cluster may be based on infrastructure/public signals, not ownership. | Voter addresses in this cluster had zero archive governance voting power. | At least one address both received compensation and voted."
13,label:http://57.131.17.61:8000,label,http://57.131.17.61:8000,gonka1scskt6wpnjnumsah6kjphmdu87vjgvcxmn4rxv,epoch_commit_participant recipient voter,1,1,1,5645.801437,0,yes:0.0,yes:1,shared_public_label_only,16.411,compensation_output:5645.801437 GONKA:high | matched_validator_moniker:gonkavaloper1scskt6wpnjnumsah6kjphmdu87vjgvcx8nyy3p:high | matched_validator_moniker:gonkavaloper1scskt6wpnjnumsah6kjphmdu87vjgvcx8nyy3p:high | proposal_vote:yes:high | epoch_commit_participant:e275 Qwen/Qwen3-235B-A22B-Instruct-2507-FP8 count=8320:medium | epoch_commit_participant:e275 moonshotai/Kimi-K2.6 count=25696:medium,"No strict public owner proof. | Cluster may be based on infrastructure/public signals, not ownership. | Voter addresses in this cluster had zero archive governance voting power. | At least one address both received compensation and voted."
14,label:http://65.108.198.21:8000,label,http://65.108.198.21:8000,gonka1zktn8j65wlys8a8e38hqhf4y3x6m4x04zskkrx,epoch_commit_participant recipient voter,1,1,1,2392.222959,4565,no_with_veto:4565.0,no_with_veto:1,shared_public_label_only,16.25,compensation_output:2392.222959 GONKA:high | matched_validator_moniker:gonkavaloper1zktn8j65wlys8a8e38hqhf4y3x6m4x047s835t:high | matched_validator_moniker:gonkavaloper1zktn8j65wlys8a8e38hqhf4y3x6m4x047s835t:high | proposal_vote:no_with_veto:high | epoch_commit_participant:e265 Qwen/Qwen3-235B-A22B-Instruct-2507-FP8 count=41056:medium | epoch_commit_participant:e266 Qwen/Qwen3-235B-A22B-Instruct-2507-FP8 count=38848:medium,"No strict public owner proof. | Cluster may be based on infrastructure/public signals, not ownership. | At least one address both received compensation and voted."
15,label:http://69.48.159.137:8000/,label,http://69.48.159.137:8000/,gonka1gyk0aahvr3qeju4zx0nplfreej6cy4jjk8svc5,delegator epoch_commit_participant recipient voter,1,1,1,30.990429,278,no_with_veto:278.0,no_with_veto:1,shared_public_label_only,15.047,compensation_output:30.990429 GONKA:high | matched_validator_moniker:gonkavaloper1gyk0aahvr3qeju4zx0nplfreej6cy4jj28pt0e:high | matched_validator_moniker:gonkavaloper1gyk0aahvr3qeju4zx0nplfreej6cy4jj28pt0e:high | proposal_vote:no_with_veto:high | epoch_commit_participant:e267 Qwen/Qwen3-235B-A22B-Instruct-2507-FP8 count=1152:medium | epoch_commit_participant:e271 Qwen/Qwen3-235B-A22B-Instruct-2507-FP8 count=1120:medium,"No strict public owner proof. | Cluster may be based on infrastructure/public signals, not ownership. | At least one address both received compensation and voted."
16,label:http://20.163.111.183:8000,label,http://20.163.111.183:8000,gonka1fvly5jrewyjmjfgwah3khy9rttq4cqajcesv9p,delegator epoch_commit_participant recipient voter,1,1,1,113.864834,0,no_with_veto:0.0,no_with_veto:1,shared_public_label_only,15.028,compensation_output:113.864834 GONKA:high | matched_validator_moniker:gonkavaloper1fvly5jrewyjmjfgwah3khy9rttq4cqajyeptjv:high | matched_validator_moniker:gonkavaloper1fvly5jrewyjmjfgwah3khy9rttq4cqajyeptjv:high | proposal_vote:no_with_veto:high | epoch_commit_participant:e265 Qwen/Qwen3-235B-A22B-Instruct-2507-FP8 count=4000:medium | epoch_commit_participant:e266 Qwen/Qwen3-235B-A22B-Instruct-2507-FP8 count=4000:medium,"No strict public owner proof. | Cluster may be based on infrastructure/public signals, not ownership. | Voter addresses in this cluster had zero archive governance voting power. | At least one address both received compensation and voted."
17,label:http://20.171.77.105:8000,label,http://20.171.77.105:8000,gonka1cuwejs77gectp3n32wg8q27hlsa4m3hqspf4ww,delegator epoch_commit_participant recipient voter,1,1,1,108.366532,0,no_with_veto:0.0,no_with_veto:1,shared_public_label_only,15.027,compensation_output:108.366532 GONKA:high | matched_validator_moniker:gonkavaloper1cuwejs77gectp3n32wg8q27hlsa4m3hqvpcjer:high | matched_validator_moniker:gonkavaloper1cuwejs77gectp3n32wg8q27hlsa4m3hqvpcjer:high | proposal_vote:no_with_veto:high | epoch_commit_participant:e265 Qwen/Qwen3-235B-A22B-Instruct-2507-FP8 count=3872:medium | epoch_commit_participant:e266 Qwen/Qwen3-235B-A22B-Instruct-2507-FP8 count=3808:medium,"No strict public owner proof. | Cluster may be based on infrastructure/public signals, not ownership. | Voter addresses in this cluster had zero archive governance voting power. | At least one address both received compensation and voted."
18,signal-1,signal_cluster,http://178.105.170.135:8000,gonka10079cnl3nuh2k82mhkm04dj0slhtw9kmjewwau gonka16r08lhm50zwjddmslfw2344z67r70vqul0dus6 gonka1wvv656pt2d8x2khcvytqeessck5uzjnxzsa8f6,epoch_commit_participant recipient voter,2,1,0,26121.988467,0,no_with_veto:0.0,no_with_veto:1,infrastructure_or_public_signal,10.53,compensation_output:20610.390028 GONKA:high | compensation_output:5511.598439 GONKA:high | matched_validator_moniker:gonkavaloper10079cnl3nuh2k82mhkm04dj0slhtw9kmwelf23:high | matched_validator_moniker:gonkavaloper10079cnl3nuh2k82mhkm04dj0slhtw9kmwelf23:high | matched_validator_moniker:gonkavaloper1wvv656pt2d8x2khcvytqeessck5uzjnx7svq7h:high | matched_validator_moniker:gonkavaloper1wvv656pt2d8x2khcvytqeessck5uzjnx7svq7h:high,"No strict public owner proof. | Cluster may be based on infrastructure/public signals, not ownership. | Voter addresses in this cluster had zero archive governance voting power."
19,label:Unknown public owner,label,Unknown public owner,gonka1007py6y2qfn2vaqrthqhtchkwx64hgzc6w544w gonka10d07y265gmmuvt4z0w9aw880jnsr700j2h5m33 gonka14hyyn555u6dqdr4zqmllr429cnt8kdqx80jws5 gonka14tqh62mangwzrma2lgg2dm375rcjzn2ydy8ttm gonka16xa2sdc8qe2289nzr4e6vmdyzlke8g8fn8e75s gonka17gpuntq09zsaqtmpe544gc32tk4424dwv5t34f gonka187tn9y92ur6tu0zf69u94hwl0q77m47y0k36hv gonka18x5f3q6g0r3n7rgslwq66d2hd6tp5mgxwxnmc3 gonka19f9hkpmjaldncsfly4j63sy932y8hughn4l3d8 gonka19ghzvgfr065s3fr5awuvs3nhy9fq4n7wrr9kel gonka1amlmhjym02shahjv8ldmupg4cx0qc66q6f85rj gonka1d7p03cu2y2yt3vytq9wlfm6tlz0lfhlgv9h82p gonka1dkl4mah5erqggvhqkpc8j3qs5tyuetgdy552cp gonka1duuaqdx06sx8v2dzggltwwmqyuw8lvjkjq7xll gonka1famtxh54kad6ylwtm60j6d7h6unpc08d4vdqnk gonka1fc9tzt83dgrqswlgay4668cuqjrk7zsqks2vm2 gonka1mgdgcll2f4m0cjekqyueheeu7y8adz0hddfnh2 gonka1nku7u6d5mz80h35ty8ydeh0k5xydesvt9w0vjr gonka1nvcwl2c7jxj2h47c56y8dmcmf0tynt5dplzngy gonka1p2lhgng7tcqju7emk989s5fpdr7k2c3ek6h26m gonka1qnj39ysxpzknvrr5dw9rdl7cx5q7dpkwerryrs gonka1qu9mna5xlvlnw9455ygtjq92wuzkzm237w8l08 gonka1rcpc45n6zch9qlkn4m3cwngekad89xu8mcr09v gonka1u4zxypjgcr8khlzefwjr0vwdaj2uzruw2cehj3 gonka1uf5cg7ef0ns6877nl27y0s6rt06cdmn40k5a88 gonka1v5cl6pudnagau7exyu3a9h74clw9zm7l5psp0r gonka1w29nvdy6caqtrw30whz9h6ghl0xszwh3egndah gonka1x7zh2277spp7jfqjhv0g5mnezg290xdr4kpfnk gonka1zsvl7ujlc8z3a35v2q6e3nml7ftyk23v76jqgl,epoch_commit_participant message_sender proposer voter,0,1,0,0,0,yes:0.0,yes:1,shared_public_label_only,10.0,proposal_message_sender:/inference.streamvesting.MsgBatchTransferWithVesting:high | proposal_proposer:67:high | proposal_vote:yes:high | telegram_export_excerpt:из вот этого кармана gonka10d07y265gmmuvt4z0w9aw880jnsr700j2h5m33:medium | telegram_export_excerpt:17:51 In reply to this message И закорешиться с gonka17gpuntq09zsaqtmpe544gc32tk4424dwv5t34f ))):medium | telegram_export_excerpt:https://gonkascan.com/?page=address&address=gonka17gpuntq09zsaqtmpe544gc32tk4424dwv5t34f:medium,"No strict public owner proof. | Cluster may be based on infrastructure/public signals, not ownership. | Voter addresses in this cluster had zero archive governance voting power."
20,label:http://178.104.95.5:8000,label,http://178.104.95.5:8000,gonka1j7x6dv42xehe9e5au4ku3wvzwtqlegfjhlvzj6,epoch_commit_participant recipient,1,0,0,39809.676543,0,,,shared_public_label_only,9.952,compensation_output:39809.676543 GONKA:high | matched_validator_moniker:gonkavaloper1j7x6dv42xehe9e5au4ku3wvzwtqlegfjtla99h:high | matched_validator_moniker:gonkavaloper1j7x6dv42xehe9e5au4ku3wvzwtqlegfjtla99h:high | epoch_commit_participant:e265 Qwen/Qwen3-235B-A22B-Instruct-2507-FP8 count=1024:medium | epoch_commit_participant:e265 moonshotai/Kimi-K2.6 count=57984:medium | epoch_commit_participant:e266 moonshotai/Kimi-K2.6 count=57532:medium,"No strict public owner proof. | Cluster may be based on infrastructure/public signals, not ownership."
21,label:http://95.217.121.189:8000,label,http://95.217.121.189:8000,gonka1jrgm47v5eg876udmzg6j6glqcsd5x0vk6crpax,epoch_commit_participant recipient,1,0,0,33750.579636,0,,,shared_public_label_only,8.438,compensation_output:33750.579636 GONKA:high | matched_validator_moniker:gonkavaloper1jrgm47v5eg876udmzg6j6glqcsd5x0vkxcjx2t:high | matched_validator_moniker:gonkavaloper1jrgm47v5eg876udmzg6j6glqcsd5x0vkxcjx2t:high | epoch_commit_participant:e266 moonshotai/Kimi-K2.6 count=25664:medium | epoch_commit_participant:e267 moonshotai/Kimi-K2.6 count=38336:medium | epoch_commit_participant:e268 moonshotai/Kimi-K2.6 count=39648:medium,"No strict public owner proof. | Cluster may be based on infrastructure/public signals, not ownership."
22,label:http://136.243.110.227:8000,label,http://136.243.110.227:8000,gonka15munkmx6x7k6rqqeexjet4556p7at39ks9qgr5,epoch_commit_participant recipient,1,0,0,18234.887511,0,,,shared_public_label_only,4.559,compensation_output:18234.887511 GONKA:high | epoch_commit_participant:e265 moonshotai/Kimi-K2.6 count=11168:medium | epoch_commit_participant:e266 moonshotai/Kimi-K2.6 count=12896:medium | epoch_commit_participant:e267 moonshotai/Kimi-K2.6 count=19040:medium | epoch_commit_participant:e268 moonshotai/Kimi-K2.6 count=13568:medium | epoch_commit_participant:e269 moonshotai/Kimi-K2.6 count=14048:medium,"No strict public owner proof. | Cluster may be based on infrastructure/public signals, not ownership."
23,label:http://network002.kaitaku.ai:8000,label,http://network002.kaitaku.ai:8000,gonka1d694r00czmq75txghwjcuk07lxvc8d4ekgsha0,epoch_commit_participant voter,0,1,0,0,31063,no_with_veto:31063.0,no_with_veto:1,shared_public_label_only,4.438,matched_validator_moniker:gonkavaloper1d694r00czmq75txghwjcuk07lxvc8d4e2gps2z:high | matched_validator_moniker:gonkavaloper1d694r00czmq75txghwjcuk07lxvc8d4e2gps2z:high | proposal_vote:no_with_veto:high | epoch_commit_participant:e266 Qwen/Qwen3-235B-A22B-Instruct-2507-FP8 count=1424:medium | epoch_commit_participant:e267 Qwen/Qwen3-235B-A22B-Instruct-2507-FP8 count=1424:medium | epoch_commit_participant:e268 Qwen/Qwen3-235B-A22B-Instruct-2507-FP8 count=1464:medium,"No strict public owner proof. | Cluster may be based on infrastructure/public signals, not ownership."
24,label:http://94.130.152.246:8000,label,http://94.130.152.246:8000,gonka1yal0ysgzc860zt3y8cds8656tnueusgymftvkw,epoch_commit_participant recipient,1,0,0,17630.158097,0,,,shared_public_label_only,4.408,compensation_output:17630.158097 GONKA:high | matched_validator_moniker:gonkavaloper1yal0ysgzc860zt3y8cds8656tnueusgy8f6tpr:high | matched_validator_moniker:gonkavaloper1yal0ysgzc860zt3y8cds8656tnueusgy8f6tpr:high | epoch_commit_participant:e266 moonshotai/Kimi-K2.6 count=5664:medium | epoch_commit_participant:e267 moonshotai/Kimi-K2.6 count=30176:medium | epoch_commit_participant:e269 moonshotai/Kimi-K2.6 count=6304:medium,"No strict public owner proof. | Cluster may be based on infrastructure/public signals, not ownership."
25,label:http://195.201.192.170:8000,label,http://195.201.192.170:8000,gonka1830lqug50lse998x2lakk4pj5ypfumz5pasz0y,epoch_commit_participant recipient,1,0,0,13958.367773,0,,,shared_public_label_only,3.49,compensation_output:13958.367773 GONKA:high | matched_validator_moniker:gonkavaloper1830lqug50lse998x2lakk4pj5ypfumz5aap9cf:high | matched_validator_moniker:gonkavaloper1830lqug50lse998x2lakk4pj5ypfumz5aap9cf:high | epoch_commit_participant:e265 moonshotai/Kimi-K2.6 count=12480:medium | epoch_commit_participant:e267 moonshotai/Kimi-K2.6 count=12640:medium | epoch_commit_participant:e273 moonshotai/Kimi-K2.6 count=13664:medium,"No strict public owner proof. | Cluster may be based on infrastructure/public signals, not ownership."
26,label:http://35.89.168.230:8000,label,http://35.89.168.230:8000,gonka1ujnc662v6g69jm6fgxnr79a2m7ehzeut059239,epoch_commit_participant recipient,1,0,0,12612.234866,0,,,shared_public_label_only,3.153,compensation_output:12612.234866 GONKA:high | matched_validator_moniker:gonkavaloper1ujnc662v6g69jm6fgxnr79a2m7ehzeutn55dxg:high | matched_validator_moniker:gonkavaloper1ujnc662v6g69jm6fgxnr79a2m7ehzeutn55dxg:high | epoch_commit_participant:e265 Qwen/Qwen3-235B-A22B-Instruct-2507-FP8 count=7296:medium | epoch_commit_participant:e265 moonshotai/Kimi-K2.6 count=6784:medium | epoch_commit_participant:e266 moonshotai/Kimi-K2.6 count=22272:medium,"No strict public owner proof. | Cluster may be based on infrastructure/public signals, not ownership."
27,strict-1,strict_identity,gonka-3,gonka1kx9mca3xm8u8ypzfuhmxey66u0ufxhs7nm6wc5 gonka1y2a9p56kv044327uycmqdexl7zs82fs5ryv5le,epoch_commit_participant recipient,2,0,0,4044.099545,0,,,public_owner_proof,3.011,matched_validator_identity:673C81B66A67ED67:high | matched_validator_identity:673C81B66A67ED67:high | matched_validator_identity:673C81B66A67ED67:high | matched_validator_identity:673C81B66A67ED67:high | matched_validator_moniker:gonka-3:high | matched_validator_moniker:gonka-3:high,
28,label:http://94.237.52.191:8000,label,http://94.237.52.191:8000,gonka1nmn039cgpkhmkzekpkfz3nkv9tcjckpn46jyrj,voter,0,1,0,0,20647,yes:20647.0,yes:1,shared_public_label_only,2.95,matched_validator_moniker:gonkavaloper1nmn039cgpkhmkzekpkfz3nkv9tcjckpnf6rr5l:high | matched_validator_moniker:gonkavaloper1nmn039cgpkhmkzekpkfz3nkv9tcjckpnf6rr5l:high | proposal_vote:yes:high | participant_inference_url:http://94.237.52.191:8000:medium | participant_inference_url:http://94.237.52.191:8000:medium | participant_inference_url:http://94.237.52.191:8000:medium,"No strict public owner proof. | Cluster may be based on infrastructure/public signals, not ownership."
29,label:http://178.105.172.102:8000,label,http://178.105.172.102:8000,gonka1007g0ut3u4wjkay9hegqfev4pj90qgexwskmcw,epoch_commit_participant recipient,1,0,0,11688.555563,0,,,shared_public_label_only,2.922,compensation_output:11688.555563 GONKA:high | matched_validator_moniker:gonkavaloper1007g0ut3u4wjkay9hegqfev4pj90qgexjs8u0r:high | matched_validator_moniker:gonkavaloper1007g0ut3u4wjkay9hegqfev4pj90qgexjs8u0r:high | epoch_commit_participant:e268 moonshotai/Kimi-K2.6 count=14464:medium | epoch_commit_participant:e269 moonshotai/Kimi-K2.6 count=7008:medium | epoch_commit_participant:e270 moonshotai/Kimi-K2.6 count=15264:medium,"No strict public owner proof. | Cluster may be based on infrastructure/public signals, not ownership."
30,label:http://204.12.168.89:8000,label,http://204.12.168.89:8000,gonka1c6fwzedfsmpu4jnjekv4cn7mvr7x7fuqd6uqt9,epoch_commit_participant recipient,1,0,0,11366.419254,0,,,shared_public_label_only,2.842,compensation_output:11366.419254 GONKA:high | matched_validator_moniker:gonkavaloper1c6fwzedfsmpu4jnjekv4cn7mvr7x7fuq36d8ug:high | matched_validator_moniker:gonkavaloper1c6fwzedfsmpu4jnjekv4cn7mvr7x7fuq36d8ug:high | epoch_commit_participant:e266 moonshotai/Kimi-K2.6 count=12384:medium | epoch_commit_participant:e267 moonshotai/Kimi-K2.6 count=11680:medium | epoch_commit_participant:e268 moonshotai/Kimi-K2.6 count=13088:medium,"No strict public owner proof. | Cluster may be based on infrastructure/public signals, not ownership."
31,label:http://95.217.35.48:8000,label,http://95.217.35.48:8000,gonka1wkgawwdzj623ss8eywayzdj6qcgr2llygactje,epoch_commit_participant recipient,1,0,0,10456.612261,0,,,shared_public_label_only,2.614,compensation_output:10456.612261 GONKA:high | epoch_commit_participant:e265 moonshotai/Kimi-K2.6 count=6720:medium | epoch_commit_participant:e266 moonshotai/Kimi-K2.6 count=6496:medium | epoch_commit_participant:e267 moonshotai/Kimi-K2.6 count=12352:medium | epoch_commit_participant:e272 moonshotai/Kimi-K2.6 count=13344:medium | epoch_commit_participant:e273 moonshotai/Kimi-K2.6 count=13120:medium,"No strict public owner proof. | Cluster may be based on infrastructure/public signals, not ownership."
32,label:http://94.130.143.155:8000,label,http://94.130.143.155:8000,gonka1xwkesaxvdadh9wt9yyladu0r260s7whklcktds,epoch_commit_participant recipient,1,0,0,9768.694504,0,,,shared_public_label_only,2.442,compensation_output:9768.694504 GONKA:high | matched_validator_moniker:gonkavaloper1xwkesaxvdadh9wt9yyladu0r260s7whkrc8v6a:high | matched_validator_moniker:gonkavaloper1xwkesaxvdadh9wt9yyladu0r260s7whkrc8v6a:high | epoch_commit_participant:e266 moonshotai/Kimi-K2.6 count=12896:medium | epoch_commit_participant:e267 moonshotai/Kimi-K2.6 count=6336:medium | epoch_commit_participant:e270 moonshotai/Kimi-K2.6 count=6528:medium,"No strict public owner proof. | Cluster may be based on infrastructure/public signals, not ownership."
33,label:http://88.198.4.29:8000,label,http://88.198.4.29:8000,gonka125n6kr5gvdup0lndfkps7t6rd6592panhrg3np,epoch_commit_participant recipient,1,0,0,9423.072516,0,,,shared_public_label_only,2.356,compensation_output:9423.072516 GONKA:high | matched_validator_moniker:gonkavaloper125n6kr5gvdup0lndfkps7t6rd6592pantrekyv:high | matched_validator_moniker:gonkavaloper125n6kr5gvdup0lndfkps7t6rd6592pantrekyv:high | epoch_commit_participant:e265 moonshotai/Kimi-K2.6 count=6208:medium | epoch_commit_participant:e266 moonshotai/Kimi-K2.6 count=6048:medium | epoch_commit_participant:e267 moonshotai/Kimi-K2.6 count=18304:medium,"No strict public owner proof. | Cluster may be based on infrastructure/public signals, not ownership."
34,label:http://136.243.111.105:8000,label,http://136.243.111.105:8000,gonka19cjm4c5mt3j3qdr8vhytmm4hef3pnkvkm0x7m2,epoch_commit_participant recipient,1,0,0,8441.669468,0,,,shared_public_label_only,2.11,compensation_output:8441.669468 GONKA:high | epoch_commit_participant:e265 moonshotai/Kimi-K2.6 count=6528:medium | epoch_commit_participant:e267 moonshotai/Kimi-K2.6 count=6432:medium | epoch_commit_participant:e269 moonshotai/Kimi-K2.6 count=6624:medium | epoch_commit_participant:e270 moonshotai/Kimi-K2.6 count=6624:medium | epoch_commit_participant:e271 moonshotai/Kimi-K2.6 count=6464:medium,"No strict public owner proof. | Cluster may be based on infrastructure/public signals, not ownership."
35,label:http://195.201.83.167:8000,label,http://195.201.83.167:8000,gonka18xeqnspxpg2vncufnjne485rkaagwvz7whyn0d,epoch_commit_participant recipient,1,0,0,6820.652574,0,,,shared_public_label_only,1.705,compensation_output:6820.652574 GONKA:high | matched_validator_moniker:gonkavaloper18xeqnspxpg2vncufnjne485rkaagwvz7jh45cq:high | matched_validator_moniker:gonkavaloper18xeqnspxpg2vncufnjne485rkaagwvz7jh45cq:high | epoch_commit_participant:e265 moonshotai/Kimi-K2.6 count=6592:medium | epoch_commit_participant:e266 moonshotai/Kimi-K2.6 count=6080:medium | epoch_commit_participant:e267 moonshotai/Kimi-K2.6 count=6112:medium,"No strict public owner proof. | Cluster may be based on infrastructure/public signals, not ownership."
36,label:http://138.201.121.253:8000,label,http://138.201.121.253:8000,gonka1mmlyd5xxu5l68yx8wzclrkxkxvm88mhq5tp5s0,epoch_commit_participant recipient,1,0,0,6618.057561,0,,,shared_public_label_only,1.655,compensation_output:6618.057561 GONKA:high | epoch_commit_participant:e267 moonshotai/Kimi-K2.6 count=6720:medium | epoch_commit_participant:e268 Qwen/Qwen3-235B-A22B-Instruct-2507-FP8 count=18912:medium | epoch_commit_participant:e270 moonshotai/Kimi-K2.6 count=5024:medium | epoch_commit_participant:e271 moonshotai/Kimi-K2.6 count=6784:medium | epoch_commit_participant:e272 moonshotai/Kimi-K2.6 count=13280:medium,"No strict public owner proof. | Cluster may be based on infrastructure/public signals, not ownership."
37,label:http://95.217.122.154:8000,label,http://95.217.122.154:8000,gonka1f0u3y2wneer8zhz3ypw4x54h38cpa0qsy8ts3e,epoch_commit_participant recipient,1,0,0,4673.802242,0,,,shared_public_label_only,1.168,compensation_output:4673.802242 GONKA:high | epoch_commit_participant:e265 Qwen/Qwen3-235B-A22B-Instruct-2507-FP8 count=3072:medium | epoch_commit_participant:e266 Qwen/Qwen3-235B-A22B-Instruct-2507-FP8 count=4096:medium | epoch_commit_participant:e266 moonshotai/Kimi-K2.6 count=6432:medium | epoch_commit_participant:e267 moonshotai/Kimi-K2.6 count=6176:medium | epoch_commit_participant:e268 Qwen/Qwen3-235B-A22B-Instruct-2507-FP8 count=4128:medium,"No strict public owner proof. | Cluster may be based on infrastructure/public signals, not ownership."
38,label:http://109.206.182.132:8000,label,http://109.206.182.132:8000,gonka14ljarev2nlzu4ej50vx7ylj2rvg4n20fnq2ysc,epoch_commit_participant recipient,1,0,0,4444.392151,0,,,shared_public_label_only,1.111,compensation_output:4444.392151 GONKA:high | matched_validator_moniker:gonkavaloper14ljarev2nlzu4ej50vx7ylj2rvg4n20f0qmr84:high | matched_validator_moniker:gonkavaloper14ljarev2nlzu4ej50vx7ylj2rvg4n20f0qmr84:high | epoch_commit_participant:e272 moonshotai/Kimi-K2.6 count=14624:medium | epoch_commit_participant:e273 moonshotai/Kimi-K2.6 count=14592:medium | epoch_commit_participant:e274 moonshotai/Kimi-K2.6 count=13856:medium,"No strict public owner proof. | Cluster may be based on infrastructure/public signals, not ownership."
39,label:http://159.69.112.72:8000,label,http://159.69.112.72:8000,gonka1l8jd2nz92mnem0xwgwkltcw2952cnlphs5arsa,epoch_commit_participant recipient,1,0,0,4167.200641,0,,,shared_public_label_only,1.042,compensation_output:4167.200641 GONKA:high | epoch_commit_participant:e273 moonshotai/Kimi-K2.6 count=13184:medium | epoch_commit_participant:e274 moonshotai/Kimi-K2.6 count=13120:medium | epoch_commit_participant:e275 moonshotai/Kimi-K2.6 count=12992:medium | participant_inference_url:http://159.69.112.72:8000:medium | participant_inference_url:http://159.69.112.72:8000:medium,"No strict public owner proof. | Cluster may be based on infrastructure/public signals, not ownership."
40,label:http://178.105.166.7:8000,label,http://178.105.166.7:8000,gonka1007n977a7uda3pd9m6hftw8xcql0tc20m96myu,epoch_commit_participant recipient,1,0,0,3396.492512,0,,,shared_public_label_only,0.849,compensation_output:3396.492512 GONKA:high | matched_validator_moniker:gonkavaloper1007n977a7uda3pd9m6hftw8xcql0tc2089tun3:high | matched_validator_moniker:gonkavaloper1007n977a7uda3pd9m6hftw8xcql0tc2089tun3:high | epoch_commit_participant:e268 moonshotai/Kimi-K2.6 count=14880:medium | epoch_commit_participant:e269 moonshotai/Kimi-K2.6 count=7040:medium | participant_inference_url:http://178.105.166.7:8000:medium,"No strict public owner proof. | Cluster may be based on infrastructure/public signals, not ownership."
41,label:Hyperfusion,label,Hyperfusion,gonka1ym3np7guxart483yfdxnlztuazx22cjt0e4a2p,epoch_commit_participant voter,0,1,0,0,5395,no_with_veto:5395.0,no_with_veto:1,public_owner_proof,0.771,matched_validator_identity:7B07CCF42FA50009:high | matched_validator_identity:7B07CCF42FA50009:high | matched_validator_moniker:Hyperfusion:high | matched_validator_moniker:Hyperfusion:high | validator_key_match:RpybUPIxWuzq83a7BqPL2dvUMc2cyPWljCcIwW/RFRI=:high | proposal_vote:no_with_veto:high,
42,label:http://95.217.47.126:8000,label,http://95.217.47.126:8000,gonka1tl5m3vuqsx333v7095ymwjdc4vdk2wd9r5hqws,epoch_commit_participant recipient,1,0,0,2731.396085,0,,,shared_public_label_only,0.683,compensation_output:2731.396085 GONKA:high | matched_validator_moniker:gonkavaloper1tl5m3vuqsx333v7095ymwjdc4vdk2wd9l5x8ea:high | matched_validator_moniker:gonkavaloper1tl5m3vuqsx333v7095ymwjdc4vdk2wd9l5x8ea:high | epoch_commit_participant:e265 moonshotai/Kimi-K2.6 count=6560:medium | epoch_commit_participant:e267 moonshotai/Kimi-K2.6 count=6272:medium | epoch_commit_participant:e268 Qwen/Qwen3-235B-A22B-Instruct-2507-FP8 count=18752:medium,"No strict public owner proof. | Cluster may be based on infrastructure/public signals, not ownership."
43,label:http://94.130.64.22:8000,label,http://94.130.64.22:8000,gonka14g78ez2zy08k8sssue483zmfpgd4qut8zcwlqc,epoch_commit_participant recipient,1,0,0,2602.055674,0,,,shared_public_label_only,0.651,compensation_output:2602.055674 GONKA:high | matched_validator_moniker:gonkavaloper14g78ez2zy08k8sssue483zmfpgd4qut87clch4:high | matched_validator_moniker:gonkavaloper14g78ez2zy08k8sssue483zmfpgd4qut87clch4:high | epoch_commit_participant:e267 moonshotai/Kimi-K2.6 count=6112:medium | epoch_commit_participant:e268 Qwen/Qwen3-235B-A22B-Instruct-2507-FP8 count=18272:medium | epoch_commit_participant:e269 moonshotai/Kimi-K2.6 count=6176:medium,"No strict public owner proof. | Cluster may be based on infrastructure/public signals, not ownership."
44,label:http://gnk.antifreeze.dev:8000,label,http://gnk.antifreeze.dev:8000,gonka1tlvg4kjx7ljd5thgd5fkgh39q6lu8cmxupktgg,delegator epoch_commit_participant recipient,1,0,0,2293.694675,0,,,shared_public_label_only,0.573,compensation_output:2293.694675 GONKA:high | matched_validator_moniker:gonkavaloper1tlvg4kjx7ljd5thgd5fkgh39q6lu8cmxqp8vl9:high | matched_validator_moniker:gonkavaloper1tlvg4kjx7ljd5thgd5fkgh39q6lu8cmxqp8vl9:high | epoch_commit_participant:e265 Qwen/Qwen3-235B-A22B-Instruct-2507-FP8 count=6400:medium | epoch_commit_participant:e267 Qwen/Qwen3-235B-A22B-Instruct-2507-FP8 count=6336:medium | epoch_commit_participant:e270 moonshotai/Kimi-K2.6 count=3488:medium,"No strict public owner proof. | Cluster may be based on infrastructure/public signals, not ownership."
45,label:http://125.93.200.207:8000,label,http://125.93.200.207:8000,gonka15p7s7w2hx0y8095lddd4ummm2y0kwpwljk00aq,epoch_commit_participant recipient,1,0,0,2034.501081,0,,,shared_public_label_only,0.509,compensation_output:2034.501081 GONKA:high | epoch_commit_participant:e265 moonshotai/Kimi-K2.6 count=3392:medium | epoch_commit_participant:e267 moonshotai/Kimi-K2.6 count=3392:medium | epoch_commit_participant:e275 moonshotai/Kimi-K2.6 count=3392:medium | participant_inference_url:http://125.93.200.207:8000:medium | participant_inference_url:http://125.93.200.207:8000:medium,"No strict public owner proof. | Cluster may be based on infrastructure/public signals, not ownership."
46,label:http://198.244.228.95:8000,label,http://198.244.228.95:8000,gonka1ce02jjduga8jvwj8jx39mxn0jr345vgkx7lk2n,epoch_commit_participant recipient,1,0,0,1753.409171,0,,,shared_public_label_only,0.438,compensation_output:1753.409171 GONKA:high | epoch_commit_participant:e272 moonshotai/Kimi-K2.6 count=6592:medium | epoch_commit_participant:e273 moonshotai/Kimi-K2.6 count=6528:medium | epoch_commit_participant:e274 moonshotai/Kimi-K2.6 count=6752:medium | participant_inference_url:http://198.244.228.95:8000:medium | participant_inference_url:http://198.244.228.95:8000:medium,"No strict public owner proof. | Cluster may be based on infrastructure/public signals, not ownership."
47,label:Formula x AI,label,Formula x AI,gonka12pcu9mcrpa4w4sjd9y3dsksnvu495ss6f9r4ra,delegator epoch_commit_participant recipient,1,0,0,1166.439756,0,,,public_owner_proof,0.292,matched_validator_moniker:Formula x AI:high | matched_validator_moniker:Formula x AI:high | validator_key_match:aVjnIbFCA91pBgh+9efqFNobNu8my/kDn2xZckGkGwk=:high | compensation_output:1166.439756 GONKA:high | validator_key_match:aVjnIbFCA91pBgh+9efqFNobNu8my/kDn2xZckGkGwk=:high | epoch_commit_participant:e265 Qwen/Qwen3-235B-A22B-Instruct-2507-FP8 count=29408:medium,
48,label:http://178.105.165.144:8000,label,http://178.105.165.144:8000,gonka10070xwkwv00sulsa7gdfwkgh8w069stkjjf39x,epoch_commit_participant recipient,1,0,0,1017.602508,0,,,shared_public_label_only,0.254,compensation_output:1017.602508 GONKA:high | matched_validator_moniker:gonkavaloper10070xwkwv00sulsa7gdfwkgh8w069stkwjckjt:high | matched_validator_moniker:gonkavaloper10070xwkwv00sulsa7gdfwkgh8w069stkwjckjt:high | epoch_commit_participant:e269 moonshotai/Kimi-K2.6 count=6816:medium | participant_inference_url:http://178.105.165.144:8000:medium | participant_inference_url:http://178.105.165.144:8000:medium,"No strict public owner proof. | Cluster may be based on infrastructure/public signals, not ownership."
49,label:http://178.105.169.55:8000,label,http://178.105.169.55:8000,gonka10075dz43h94zhqu5hwdj3nyjay6v8mzwvpxr0s,epoch_commit_participant recipient,1,0,0,1017.602508,0,,,shared_public_label_only,0.254,compensation_output:1017.602508 GONKA:high | matched_validator_moniker:gonkavaloper10075dz43h94zhqu5hwdj3nyjay6v8mzwsphyca:high | matched_validator_moniker:gonkavaloper10075dz43h94zhqu5hwdj3nyjay6v8mzwsphyca:high | epoch_commit_participant:e269 moonshotai/Kimi-K2.6 count=6816:medium | participant_inference_url:http://178.105.169.55:8000:medium | participant_inference_url:http://178.105.169.55:8000:medium,"No strict public owner proof. | Cluster may be based on infrastructure/public signals, not ownership."
50,label:http://178.105.175.114:8000,label,http://178.105.175.114:8000,gonka1007lnkyhdh7aq0vjdcdwcerkdh4yy85rymjdg6,epoch_commit_participant recipient,1,0,0,1007.974842,0,,,shared_public_label_only,0.252,compensation_output:1007.974842 GONKA:high | matched_validator_moniker:gonkavaloper1007lnkyhdh7aq0vjdcdwcerkdh4yy85rcmr2lh:high | matched_validator_moniker:gonkavaloper1007lnkyhdh7aq0vjdcdwcerkdh4yy85rcmr2lh:high | epoch_commit_participant:e269 moonshotai/Kimi-K2.6 count=6752:medium | participant_inference_url:http://178.105.175.114:8000:medium | participant_inference_url:http://178.105.175.114:8000:medium,"No strict public owner proof. | Cluster may be based on infrastructure/public signals, not ownership."
51,label:http://185.70.186.176:8000,label,http://185.70.186.176:8000,gonka13a4v8gxxjav5t4xq5y9cv9d8rfnvkjfw5adqz3,epoch_commit_participant recipient,1,0,0,521.637815,0,,,shared_public_label_only,0.13,compensation_output:521.637815 GONKA:high | matched_validator_moniker:gonkavaloper13a4v8gxxjav5t4xq5y9cv9d8rfnvkjfwgau84u:high | matched_validator_moniker:gonkavaloper13a4v8gxxjav5t4xq5y9cv9d8rfnvkjfwgau84u:high | epoch_commit_participant:e266 Qwen/Qwen3-235B-A22B-Instruct-2507-FP8 count=5504:medium | participant_inference_url:http://185.70.186.176:8000:medium | participant_inference_url:http://185.70.186.176:8000:medium,"No strict public owner proof. | Cluster may be based on infrastructure/public signals, not ownership."
52,label:http://84.32.59.212:8000,label,http://84.32.59.212:8000,gonka1qwfrtz9c7kcrfkrrlne2pkcye74mj6ce33xdkl,epoch_commit_participant voter,0,1,0,0,556,no_with_veto:556.0,no_with_veto:1,shared_public_label_only,0.079,matched_validator_moniker:gonkavaloper1qwfrtz9c7kcrfkrrlne2pkcye74mj6ced3h2pj:high | matched_validator_moniker:gonkavaloper1qwfrtz9c7kcrfkrrlne2pkcye74mj6ced3h2pj:high | proposal_vote:no_with_veto:high | epoch_commit_participant:e266 Qwen/Qwen3-235B-A22B-Instruct-2507-FP8 count=1856:medium | epoch_commit_participant:e273 Qwen/Qwen3-235B-A22B-Instruct-2507-FP8 count=1536:medium | epoch_commit_participant:e275 Qwen/Qwen3-235B-A22B-Instruct-2507-FP8 count=1248:medium,"No strict public owner proof. | Cluster may be based on infrastructure/public signals, not ownership."
53,label:http://84.32.185.226:8000,label,http://84.32.185.226:8000,gonka1m58jds005cttwq2vt0p7yk6vy2aqg254cqqppf,voter,0,1,0,0,490,no_with_veto:490.0,no_with_veto:1,shared_public_label_only,0.07,matched_validator_moniker:gonkavaloper1m58jds005cttwq2vt0p7yk6vy2aqg254yq3xky:high | matched_validator_moniker:gonkavaloper1m58jds005cttwq2vt0p7yk6vy2aqg254yq3xky:high | proposal_vote:no_with_veto:high | participant_inference_url:http://84.32.185.226:8000:medium | participant_inference_url:http://84.32.185.226:8000:medium | participant_inference_url:http://84.32.185.226:8000:medium,"No strict public owner proof. | Cluster may be based on infrastructure/public signals, not ownership."
54,label:http://202.78.161.246:8000,label,http://202.78.161.246:8000,gonka1myu058axjs62mc3e7na9krwvqpfl9z3gtcw9es,epoch_commit_participant recipient,1,0,0,279.015575,0,,,shared_public_label_only,0.07,compensation_output:279.015575 GONKA:high | epoch_commit_participant:e265 Qwen/Qwen3-235B-A22B-Instruct-2507-FP8 count=45312:medium | epoch_commit_participant:e266 Qwen/Qwen3-235B-A22B-Instruct-2507-FP8 count=2944:medium | epoch_commit_participant:e267 Qwen/Qwen3-235B-A22B-Instruct-2507-FP8 count=3008:medium | epoch_commit_participant:e268 Qwen/Qwen3-235B-A22B-Instruct-2507-FP8 count=3072:medium | epoch_commit_participant:e269 Qwen/Qwen3-235B-A22B-Instruct-2507-FP8 count=3008:medium,"No strict public owner proof. | Cluster may be based on infrastructure/public signals, not ownership."
55,label:http://202.78.161.100:8000,label,http://202.78.161.100:8000,gonka14ef2pxjge75gflqftn7m2wy0xv59gq9uc7qnct,delegator epoch_commit_participant recipient,1,0,0,276.414091,0,,,shared_public_label_only,0.069,compensation_output:276.414091 GONKA:high | matched_validator_moniker:gonkavaloper14ef2pxjge75gflqftn7m2wy0xv59gq9uy7350x:high | matched_validator_moniker:gonkavaloper14ef2pxjge75gflqftn7m2wy0xv59gq9uy7350x:high | epoch_commit_participant:e266 Qwen/Qwen3-235B-A22B-Instruct-2507-FP8 count=2752:medium | participant_inference_url:http://202.78.161.100:8000:medium | participant_inference_url:http://202.78.161.100:8000:medium,"No strict public owner proof. | Cluster may be based on infrastructure/public signals, not ownership."
56,label:http://64.236.203.236:8000,label,http://64.236.203.236:8000,gonka1tmk2tzdneht6smu34pkmqdvu7p34qavvmwtwq2,delegator recipient,1,0,0,100.56894,0,,,shared_public_label_only,0.025,compensation_output:100.56894 GONKA:high | participant_inference_url:http://64.236.203.236:8000:medium | participant_inference_url:http://64.236.203.236:8000:medium | participant_inference_url:http://64.236.203.236:8000:medium | same_inference_host:64.236.203.236:medium | upstream_delegation:gonka1tmk2tzdneht6smu34pkmqdvu7p34qavvmwtwq2 -> gonka1q5xt54wncgzk7dxv9x64uln68455g83wu9tugg:medium,"No strict public owner proof. | Cluster may be based on infrastructure/public signals, not ownership."
57,label:asd.gnk,label,asd.gnk,gonka1q9f3wphjnf633fevej30y4aw3nnw87hl0r7qe4,voter,0,1,0,0,0,no_with_veto:0.0,no_with_veto:1,public_owner_proof,0.0,gns_name:asd.gnk -> gonka1q9f3wphjnf633fevej30y4aw3nnw87hl0r7qe4:high | gns_name:asd.gnk -> gonka1q9f3wphjnf633fevej30y4aw3nnw87hl0r7qe4:high | gns_name:its.gnk -> gonka1q9f3wphjnf633fevej30y4aw3nnw87hl0r7qe4:high | gns_name:its.gnk -> gonka1q9f3wphjnf633fevej30y4aw3nnw87hl0r7qe4:high | gns_name:may.gnk -> gonka1q9f3wphjnf633fevej30y4aw3nnw87hl0r7qe4:high | gns_name:may.gnk -> gonka1q9f3wphjnf633fevej30y4aw3nnw87hl0r7qe4:high,Voter addresses in this cluster had zero archive governance voting power.
58,label:http://20.88.58.210:8000,label,http://20.88.58.210:8000,gonka1naxyjmun6kl23htjdujwd6c5z5avgwapsrmfk3,epoch_commit_participant voter,0,1,0,0,0,no_with_veto:0.0,no_with_veto:1,shared_public_label_only,0.0,matched_validator_moniker:gonkavaloper1naxyjmun6kl23htjdujwd6c5z5avgwapvr2wpu:high | matched_validator_moniker:gonkavaloper1naxyjmun6kl23htjdujwd6c5z5avgwapvr2wpu:high | proposal_vote:no_with_veto:high | epoch_commit_participant:e268 Qwen/Qwen3-235B-A22B-Instruct-2507-FP8 count=3744:medium | epoch_commit_participant:e269 Qwen/Qwen3-235B-A22B-Instruct-2507-FP8 count=4160:medium | epoch_commit_participant:e273 Qwen/Qwen3-235B-A22B-Instruct-2507-FP8 count=2048:medium,"No strict public owner proof. | Cluster may be based on infrastructure/public signals, not ownership. | Voter addresses in this cluster had zero archive governance voting power."
59,label:http://78.46.89.87:8000,label,http://78.46.89.87:8000,gonka1kvmerzu64094dt9t62ea0cp75larh39ulzldum,voter,0,1,0,0,0,no_with_veto:0.0,no_with_veto:1,shared_public_label_only,0.0,matched_validator_moniker:gonkavaloper1kvmerzu64094dt9t62ea0cp75larh39urzw2tk:high | matched_validator_moniker:gonkavaloper1kvmerzu64094dt9t62ea0cp75larh39urzw2tk:high | proposal_vote:no_with_veto:high | participant_inference_url:http://78.46.89.87:8000:medium | participant_inference_url:http://78.46.89.87:8000:medium | participant_inference_url:http://78.46.89.87:8000:medium,"No strict public owner proof. | Cluster may be based on infrastructure/public signals, not ownership. | Voter addresses in this cluster had zero archive governance voting power."
60,label:http://95.216.112.248:8000,label,http://95.216.112.248:8000,gonka1vjz8csqsr0ph0lv0yylc4auypnzrld7y6l2feu,epoch_commit_participant voter,0,1,0,0,0,no_with_veto:0.0,no_with_veto:1,shared_public_label_only,0.0,matched_validator_moniker:gonkavaloper14n4p8wfa03rhmy4agc560k4a3zafavakr2kukm:high | matched_validator_moniker:gonkavaloper14n4p8wfa03rhmy4agc560k4a3zafavakr2kukm:high | proposal_vote:no_with_veto:high | epoch_commit_participant:e266 Qwen/Qwen3-235B-A22B-Instruct-2507-FP8 count=1824:medium | epoch_commit_participant:e267 Qwen/Qwen3-235B-A22B-Instruct-2507-FP8 count=1824:medium | epoch_commit_participant:e269 Qwen/Qwen3-235B-A22B-Instruct-2507-FP8 count=1824:medium,"No strict public owner proof. | Cluster may be based on infrastructure/public signals, not ownership. | Voter addresses in this cluster had zero archive governance voting power."
